id,edicion,fase,numero,titulo,tipo,contenido,estado,url,ruta_local,origen,bloques_thales,dificultad_thales,bytes,notas
F0001,1985-I,,,I Olimpiada Matemática Thales (1985),pagina-edicion,,descargado,https://olimpiada.saemthales.es/node/48,fuentes/raw/web-actual/node-48.html,,,,45952,
F0002,1985-I,provincial,1,Marinerías,nodo-problema,enunciado,descargado,https://thales.cica.es/olimpiada2/?q=node/49,fuentes/raw/web-antigua/node-49.html,F0001,numeros,,21808,
F0003,1985-I,provincial,1,,imagen,figura,descargado,https://thales.cica.es/olimpiada2/files/active/0/825_large.gif,fuentes/raw/ficheros/1985-I/825_large.gif,F0002,,,12881,
F0004,1985-I,provincial,2,Las rebajas,nodo-problema,enunciado,descargado,https://thales.cica.es/olimpiada2/?q=node/50,fuentes/raw/web-antigua/node-50.html,F0001,numeros,,22619,
F0005,1985-I,provincial,3,El castillo,nodo-problema,enunciado,descargado,https://thales.cica.es/olimpiada2/?q=node/53,fuentes/raw/web-antigua/node-53.html,F0001,numeros,,22042,
F0006,1985-I,provincial,3,,imagen,figura,descargado,https://thales.cica.es/olimpiada2/files/active/0/783_large.gif,fuentes/raw/ficheros/1985-I/783_large.gif,F0005,,,4098,
F0007,1985-I,provincial,3,,imagen,figura,descargado,https://thales.cica.es/sevilla/OlimpiadasESO/IOlimpiada/P3.JPG,fuentes/raw/ficheros/1985-I/P3.JPG,F0005,,,5353,
F0008,1985-I,provincial,4,La poda,nodo-problema,enunciado,descargado,https://thales.cica.es/olimpiada2/?q=node/54,fuentes/raw/web-antigua/node-54.html,F0001,numeros,,21846,
F0009,1985-I,provincial,5,¿Y los catetos?,nodo-problema,enunciado,descargado,https://thales.cica.es/olimpiada2/?q=node/55,fuentes/raw/web-antigua/node-55.html,F0001,,,21155,
F0010,1985-I,provincial,6,Cometas,nodo-problema,enunciado,descargado,https://thales.cica.es/olimpiada2/?q=node/56,fuentes/raw/web-antigua/node-56.html,F0001,,,21268,
F0011,1985-I,provincial,7,Cientos,nodo-problema,enunciado,descargado,https://thales.cica.es/olimpiada2/?q=node/57,fuentes/raw/web-antigua/node-57.html,F0001,numeros,,22964,
F0012,1985-I,provincial,8,Cuadrado mágico,nodo-problema,enunciado,descargado,https://thales.cica.es/olimpiada2/?q=node/58,fuentes/raw/web-antigua/node-58.html,F0001,numeros,,21499,
F0013,1985-I,regional,1,Solitario,nodo-problema,enunciado,descargado,https://thales.cica.es/olimpiada2/?q=node/59,fuentes/raw/web-antigua/node-59.html,F0001,logica,,21968,
F0014,1985-I,regional,1,,imagen,figura,descargado,https://thales.cica.es/olimpiada/EdicionesAnteriores/Regional/Solitario.JPG,fuentes/raw/ficheros/1985-I/Solitario.JPG,F0013,,,9048,
F0015,1985-I,regional,2,Capicúas,nodo-problema,enunciado,descargado,https://thales.cica.es/olimpiada2/?q=node/60,fuentes/raw/web-antigua/node-60.html,F0001,,,21508,
F0016,1985-I,regional,3,El viajante,nodo-problema,enunciado,descargado,https://thales.cica.es/olimpiada2/?q=node/61,fuentes/raw/web-antigua/node-61.html,F0001,numeros,,21481,
F0017,1985-I,regional,3,¿Equivalencia geométrica?,nodo-problema,enunciado,descargado,https://thales.cica.es/olimpiada2/?q=node/62,fuentes/raw/web-antigua/node-62.html,F0001,,,21311,
F0018,1985-I,regional,5,Largo camino,nodo-problema,enunciado,descargado,https://thales.cica.es/olimpiada2/?q=node/63,fuentes/raw/web-antigua/node-63.html,F0001,numeros,,21541,
F0019,1985-I,regional,6,El remojón,nodo-problema,enunciado,descargado,https://thales.cica.es/olimpiada2/?q=node/64,fuentes/raw/web-antigua/node-64.html,F0001,,,21470,
F0020,1985-I,regional,6,,imagen,figura,descargado,https://thales.cica.es/olimpiada/EdicionesAnteriores/Regional/Remojon.JPG,fuentes/raw/ficheros/1985-I/Remojon.JPG,F0019,,,11705,
F0021,1985-I,regional,7,Pepino el hortelano,nodo-problema,enunciado,descargado,https://thales.cica.es/olimpiada2/?q=node/65,fuentes/raw/web-antigua/node-65.html,F0001,,,21550,
F0022,1985-I,regional,7,,imagen,figura,descargado,https://thales.cica.es/olimpiada/Matelandia/Pepino.gif,fuentes/raw/ficheros/1985-I/Pepino.gif,F0021,,,8839,
F0023,1985-I,regional,8,La cristalera,nodo-problema,enunciado,descargado,https://thales.cica.es/olimpiada2/?q=node/66,fuentes/raw/web-antigua/node-66.html,F0001,logica,,21694,
F0024,1985-I,regional,8,,imagen,figura,descargado,https://thales.cica.es/olimpiada/EdicionesAnteriores/Regional/Cristalera.JPG,fuentes/raw/ficheros/1985-I/Cristalera.JPG,F0023,,,7450,
F0025,1985-I,,,Memoria,nodo,otro,descargado,https://thales.cica.es/olimpiada2/?q=node/912,fuentes/raw/web-antigua/node-912.html,F0001,,,20592,álbum de fotos
F0026,1985-I,,,I Olimpiada Matemática Thales (1985),pagina-edicion,,descargado,https://thales.cica.es/olimpiada2/?q=node/48,fuentes/raw/web-antigua/node-48.html,,,,23014,
F0027,1986-II,,,II Olimpiada Matemática Thales (1986),pagina-edicion,,descargado,https://olimpiada.saemthales.es/node/46,fuentes/raw/web-actual/node-46.html,,,,46943,
F0028,1986-II,provincial,1,Tartaglia,nodo-problema,enunciado,descargado,https://thales.cica.es/olimpiada2/?q=node/68,fuentes/raw/web-antigua/node-68.html,F0027,,,21486,
F0029,1986-II,provincial,2,El tapete,nodo-problema,enunciado,descargado,https://thales.cica.es/olimpiada2/?q=node/69,fuentes/raw/web-antigua/node-69.html,F0027,,,21223,
F0030,1986-II,provincial,3,La moto de mi hermano,nodo-problema,enunciado,descargado,https://thales.cica.es/olimpiada2/?q=node/70,fuentes/raw/web-antigua/node-70.html,F0027,,,21280,
F0031,1986-II,provincial,4,Calculotes,nodo-problema,enunciado,descargado,https://thales.cica.es/olimpiada2/?q=node/71,fuentes/raw/web-antigua/node-71.html,F0027,,,21605,
F0032,1986-II,provincial,5,Apretones,nodo-problema,enunciado,descargado,https://thales.cica.es/olimpiada2/?q=node/72,fuentes/raw/web-antigua/node-72.html,F0027,logica,,21412,
F0033,1986-II,provincial,6,Cuestión de capacidad,nodo-problema,enunciado,descargado,https://thales.cica.es/olimpiada2/?q=node/73,fuentes/raw/web-antigua/node-73.html,F0027,,,21137,
F0034,1986-II,provincial,7,Trasvases,nodo-problema,enunciado,descargado,https://thales.cica.es/olimpiada2/?q=node/74,fuentes/raw/web-antigua/node-74.html,F0027,,,21313,
F0035,1986-II,provincial,8,Matemagia,nodo-problema,enunciado,descargado,https://thales.cica.es/olimpiada2/?q=node/75,fuentes/raw/web-antigua/node-75.html,F0027,,,21662,
F0036,1986-II,regional,1,Fantasmón,nodo-problema,enunciado,descargado,https://thales.cica.es/olimpiada2/?q=node/76,fuentes/raw/web-antigua/node-76.html,F0027,numeros,,21713,
F0037,1986-II,regional,1,,imagen,figura,descargado,https://thales.cica.es/olimpiada/Matelandia/Fantasmon.gif,fuentes/raw/ficheros/1986-II/Fantasmon.gif,F0036,,,11884,
F0038,1986-II,regional,2,Marketing de la huerta,nodo-problema,enunciado,descargado,https://thales.cica.es/olimpiada2/?q=node/77,fuentes/raw/web-antigua/node-77.html,F0027,numeros,,21545,
F0039,1986-II,regional,3,De excursión,nodo-problema,enunciado,descargado,https://thales.cica.es/olimpiada2/?q=node/78,fuentes/raw/web-antigua/node-78.html,F0027,funciones,,22059,
F0040,1986-II,regional,3,,imagen,figura,descargado,https://thales.cica.es/olimpiada/EdicionesAnteriores/Regional/Excursion.JPG,fuentes/raw/ficheros/1986-II/Excursion.JPG,F0039,,,8406,
F0041,1986-II,regional,4,Las falsas monedas,nodo-problema,enunciado,descargado,https://thales.cica.es/olimpiada2/?q=node/79,fuentes/raw/web-antigua/node-79.html,F0027,,,21365,
F0042,1986-II,regional,5,El pozo justo,nodo-problema,enunciado,descargado,https://thales.cica.es/olimpiada2/?q=node/80,fuentes/raw/web-antigua/node-80.html,F0027,,,21180,
F0043,1986-II,regional,6,Cumpleaños enigmático,nodo-problema,enunciado,descargado,https://thales.cica.es/olimpiada2/?q=node/81,fuentes/raw/web-antigua/node-81.html,F0027,numeros,,21572,
F0044,1986-II,regional,7,¡Cuidado que arde!,nodo-problema,enunciado,descargado,https://thales.cica.es/olimpiada2/?q=node/82,fuentes/raw/web-antigua/node-82.html,F0027,,,21439,
F0045,1986-II,regional,7,,imagen,figura,descargado,https://thales.cica.es/olimpiada/EdicionesAnteriores/Regional/Arde.JPG,fuentes/raw/ficheros/1986-II/Arde.JPG,F0044,,,3926,
F0046,1986-II,regional,2,El rebaño,nodo-problema,enunciado,descargado,https://thales.cica.es/olimpiada2/?q=node/83,fuentes/raw/web-antigua/node-83.html,F0027,numeros,,22463,
F0047,1986-II,regional,2,,imagen,figura,descargado,https://thales.cica.es/olimpiada/Matelandia/PepitoPastor.gif,fuentes/raw/ficheros/1986-II/PepitoPastor.gif,F0046,,,3683,
F0048,1986-II,regional,2,,imagen,figura,descargado,https://thales.cica.es/olimpiada/Matelandia/oveja.gif,fuentes/raw/ficheros/1986-II/oveja.gif,F0046,,,7152,
F0049,1986-II,,,II Olimpiada Matemática Thales (1986),pagina-edicion,,descargado,https://thales.cica.es/olimpiada2/?q=node/46,fuentes/raw/web-antigua/node-46.html,,,,24003,
F0050,1987-III,,,"III Olimpiada Matemática Thales (Matalascañas, 1987)",pagina-edicion,,descargado,https://olimpiada.saemthales.es/node/44,fuentes/raw/web-actual/node-44.html,,,,46704,
F0051,1987-III,provincial,1,Trasiego ferroviario,nodo-problema,enunciado,descargado,https://thales.cica.es/olimpiada2/?q=node/84,fuentes/raw/web-antigua/node-84.html,F0050,numeros,,21711,
F0052,1987-III,provincial,2,A prueba de fuegos,nodo-problema,enunciado,descargado,https://thales.cica.es/olimpiada2/?q=node/85,fuentes/raw/web-antigua/node-85.html,F0050,numeros,,21491,
F0053,1987-III,provincial,3,Las campanadas,nodo-problema,enunciado,descargado,https://thales.cica.es/olimpiada2/?q=node/86,fuentes/raw/web-antigua/node-86.html,F0050,numeros,,22180,
F0054,1987-III,provincial,4,Enigma numérico,nodo-problema,enunciado,descargado,https://thales.cica.es/olimpiada2/?q=node/87,fuentes/raw/web-antigua/node-87.html,F0050,,,21404,
F0055,1987-III,provincial,4,,imagen,figura,descargado,https://thales.cica.es/sevilla/OlimpiadasESO/IIIOlimpiada/p4.JPG,fuentes/raw/ficheros/1987-III/p4.JPG,F0054,,,9424,
F0056,1987-III,provincial,5,Mente sana in corpore sano,nodo-problema,enunciado,descargado,https://thales.cica.es/olimpiada2/?q=node/88,fuentes/raw/web-antigua/node-88.html,F0050,estadistica,,22247,
F0057,1987-III,provincial,6,Dimensionando,nodo-problema,enunciado,descargado,https://thales.cica.es/olimpiada2/?q=node/89,fuentes/raw/web-antigua/node-89.html,F0050,,,21446,
F0058,1987-III,provincial,6,,imagen,figura,descargado,https://thales.cica.es/sevilla/OlimpiadasESO/IIIOlimpiada/P6.JPG,fuentes/raw/ficheros/1987-III/P6.JPG,F0057,,,3825,recuperado de archive.org: https://web.archive.org/web/20091221205942id_/http://thales.cica.es/sevilla/OlimpiadasESO/IIIOlimpiada/P6.JPG
F0059,1987-III,provincial,7,Presupuesto ajustado,nodo-problema,enunciado,descargado,https://thales.cica.es/olimpiada2/?q=node/90,fuentes/raw/web-antigua/node-90.html,F0050,,dificil,21768,
F0060,1987-III,provincial,7,,imagen,figura,descargado,https://thales.cica.es/sevilla/OlimpiadasESO/IIIOlimpiada/P7.JPG,fuentes/raw/ficheros/1987-III/P7.JPG,F0059,,,4705,recuperado de archive.org: https://web.archive.org/web/20091221205738id_/http://thales.cica.es/sevilla/OlimpiadasESO/IIIOlimpiada/P7.JPG
F0061,1987-III,provincial,8,¿Juegas?,nodo-problema,enunciado,descargado,https://thales.cica.es/olimpiada2/?q=node/91,fuentes/raw/web-antigua/node-91.html,F0050,numeros,,21656,
F0062,1987-III,regional,1,Agua que no has de beber no has de dejar correr,nodo-problema,enunciado,descargado,https://thales.cica.es/olimpiada2/?q=node/92,fuentes/raw/web-antigua/node-92.html,F0050,numeros,,21609,
F0063,1987-III,regional,2,¡Qué mareo!,nodo-problema,enunciado,descargado,https://thales.cica.es/olimpiada2/?q=node/93,fuentes/raw/web-antigua/node-93.html,F0050,,,21272,
F0064,1987-III,regional,5,Coincidencias,nodo-problema,enunciado,descargado,https://thales.cica.es/olimpiada2/?q=node/94,fuentes/raw/web-antigua/node-94.html,F0050,numeros,,21426,
F0065,1987-III,regional,4,Cada mochuelo a su olivo,nodo-problema,enunciado,descargado,https://thales.cica.es/olimpiada2/?q=node/95,fuentes/raw/web-antigua/node-95.html,F0050,,dificil,21471,
F0066,1987-III,regional,5,Cambalaches,nodo-problema,enunciado,descargado,https://thales.cica.es/olimpiada2/?q=node/96,fuentes/raw/web-antigua/node-96.html,F0050,numeros,,21612,
F0067,1987-III,regional,6,Distribuyendo,nodo-problema,enunciado,descargado,https://thales.cica.es/olimpiada2/?q=node/97,fuentes/raw/web-antigua/node-97.html,F0050,,,21289,
F0068,1987-III,regional,7,La loseta,nodo-problema,enunciado,descargado,https://thales.cica.es/olimpiada2/?q=node/98,fuentes/raw/web-antigua/node-98.html,F0050,geometria,dificil,21861,
F0069,1987-III,regional,7,,imagen,figura,descargado,https://thales.cica.es/olimpiada/EdicionesAnteriores/Regional/loseta.JPG,fuentes/raw/ficheros/1987-III/loseta.JPG,F0068,,,22187,
F0070,1987-III,regional,8,La corona,nodo-problema,enunciado,descargado,https://thales.cica.es/olimpiada2/?q=node/99,fuentes/raw/web-antigua/node-99.html,F0050,,,26317,
F0071,1987-III,,,"III Olimpiada Matemática Thales (Matalascañas, 1987)",pagina-edicion,,descargado,https://thales.cica.es/olimpiada2/?q=node/44,fuentes/raw/web-antigua/node-44.html,,,,23764,
F0072,1988-IV,,,"IV Olimpiada Matemática Thales (Matalascañas, 1988)",pagina-edicion,,descargado,https://olimpiada.saemthales.es/node/45,fuentes/raw/web-actual/node-45.html,,,,46541,
F0073,1988-IV,provincial,1,En busca del número perdido,nodo-problema,enunciado,descargado,https://thales.cica.es/olimpiada2/?q=node/100,fuentes/raw/web-antigua/node-100.html,F0072,numeros,,21968,
F0074,1988-IV,provincial,2,¡Vamos al agua!,nodo-problema,enunciado,descargado,https://thales.cica.es/olimpiada2/?q=node/101,fuentes/raw/web-antigua/node-101.html,F0072,,,21579,
F0075,1988-IV,provincial,2,,imagen,figura,descargado,https://thales.cica.es/sevilla/OlimpiadasESO/IVOlimpiada/P2.JPG,fuentes/raw/ficheros/1988-IV/P2.JPG,F0074,,,21344,recuperado de archive.org: https://web.archive.org/web/20091222061100id_/http://thales.cica.es/sevilla/OlimpiadasESO/IVOlimpiada/P2.JPG
F0076,1988-IV,provincial,3,¡Qué rollo!,nodo-problema,enunciado,descargado,https://thales.cica.es/olimpiada2/?q=node/102,fuentes/raw/web-antigua/node-102.html,F0072,,,23083,
F0077,1988-IV,provincial,3,,imagen,figura,descargado,https://thales.cica.es/olimpiada2/modules/file/icons/application-octet-stream.png,fuentes/raw/ficheros/1988-IV/application-octet-stream.png,F0076,,,189,
F0078,1988-IV,provincial,3,43p.ggb,ggb,?,descargado,https://thales.cica.es/olimpiada2/files/43p.ggb,fuentes/raw/ficheros/1988-IV/43p.ggb,F0076,,,19242,
F0079,1988-IV,provincial,4,Paseos en tren,nodo-problema,enunciado,descargado,https://thales.cica.es/olimpiada2/?q=node/103,fuentes/raw/web-antigua/node-103.html,F0072,,,21795,
F0080,1988-IV,provincial,4,,imagen,figura,descargado,https://thales.cica.es/olimpiada/EdicionesAnteriores/Problemas/tren.JPG,fuentes/raw/ficheros/1988-IV/tren.JPG,F0079,,,7459,
F0081,1988-IV,provincial,5,Simplificando,nodo-problema,enunciado,descargado,https://thales.cica.es/olimpiada2/?q=node/104,fuentes/raw/web-antigua/node-104.html,F0072,numeros,,21590,
F0082,1988-IV,provincial,5,,imagen,figura,descargado,https://thales.cica.es/sevilla/OlimpiadasESO/IVOlimpiada/P5.JPG,fuentes/raw/ficheros/1988-IV/P5.JPG,F0081,,,7185,
F0083,1988-IV,provincial,6,En el telar,nodo-problema,enunciado,descargado,https://thales.cica.es/olimpiada2/?q=node/105,fuentes/raw/web-antigua/node-105.html,F0072,numeros,,21633,
F0084,1988-IV,provincial,7,Ajedrez figurativo,nodo-problema,enunciado,descargado,https://thales.cica.es/olimpiada2/?q=node/106,fuentes/raw/web-antigua/node-106.html,F0072,,,21325,
F0085,1988-IV,provincial,8,Una máquina fraccionaria,nodo-problema,enunciado,descargado,https://thales.cica.es/olimpiada2/?q=node/107,fuentes/raw/web-antigua/node-107.html,F0072,numeros,,21693,
F0086,1988-IV,regional,1,Cuadrangulitis,nodo-problema,enunciado,descargado,https://thales.cica.es/olimpiada2/?q=node/108,fuentes/raw/web-antigua/node-108.html,F0072,numeros,,21818,
F0087,1988-IV,regional,2,El pelotazo,nodo-problema,enunciado,descargado,https://thales.cica.es/olimpiada2/?q=node/109,fuentes/raw/web-antigua/node-109.html,F0072,,,21376,
F0088,1988-IV,regional,2,,imagen,figura,descargado,https://thales.cica.es/olimpiada/EdicionesAnteriores/Regional/pelotazo.JPG,fuentes/raw/ficheros/1988-IV/pelotazo.JPG,F0087,,,20430,
F0089,1988-IV,regional,3,Precios de ganga,nodo-problema,enunciado,descargado,https://thales.cica.es/olimpiada2/?q=node/110,fuentes/raw/web-antigua/node-110.html,F0072,numeros,,21637,
F0090,1988-IV,regional,4,Jubilación feliz,nodo-problema,enunciado,descargado,https://thales.cica.es/olimpiada2/?q=node/111,fuentes/raw/web-antigua/node-111.html,F0072,numeros,,21737,
F0091,1988-IV,regional,5,Circuncity,nodo-problema,enunciado,descargado,https://thales.cica.es/olimpiada2/?q=node/112,fuentes/raw/web-antigua/node-112.html,F0072,logica,,21710,
F0092,1988-IV,regional,5,,imagen,figura,descargado,https://thales.cica.es/olimpiada/EdicionesAnteriores/Regional/circuncity.JPG,fuentes/raw/ficheros/1988-IV/circuncity.JPG,F0091,,,21847,
F0093,1988-IV,regional,6,La parcelación,nodo-problema,enunciado,descargado,https://thales.cica.es/olimpiada2/?q=node/113,fuentes/raw/web-antigua/node-113.html,F0072,,,21279,
F0094,1988-IV,regional,7,Balanceos,nodo-problema,enunciado,descargado,https://thales.cica.es/olimpiada2/?q=node/114,fuentes/raw/web-antigua/node-114.html,F0072,numeros,,21581,
F0095,1988-IV,regional,7,,imagen,figura,descargado,https://thales.cica.es/olimpiada/EdicionesAnteriores/Regional/balanceos.JPG,fuentes/raw/ficheros/1988-IV/balanceos.JPG,F0094,,,45000,
F0096,1988-IV,regional,8,Los ajedrecistas,nodo-problema,enunciado,descargado,https://thales.cica.es/olimpiada2/?q=node/115,fuentes/raw/web-antigua/node-115.html,F0072,,,21519,
F0097,1988-IV,,,"IV Olimpiada Matemática Thales (Matalascañas, 1988)",pagina-edicion,,descargado,https://thales.cica.es/olimpiada2/?q=node/45,fuentes/raw/web-antigua/node-45.html,,,,23599,
F0098,1989-V,,,"V Olimpiada Matemática Thales (Sierra Nevada, 1989)",pagina-edicion,,descargado,https://olimpiada.saemthales.es/node/41,fuentes/raw/web-actual/node-41.html,,,,46716,
F0099,1989-V,provincial,1,Coincidencia triangular,nodo-problema,enunciado,descargado,https://thales.cica.es/olimpiada2/?q=node/116,fuentes/raw/web-antigua/node-116.html,F0098,,,21275,
F0100,1989-V,provincial,1,,imagen,figura,descargado,https://thales.cica.es/sevilla/OlimpiadasESO/VOlimpiada/P1.JPG,fuentes/raw/ficheros/1989-V/P1.JPG,F0099,,,4835,
F0101,1989-V,provincial,2,El perro y el gato,nodo-problema,enunciado,descargado,https://thales.cica.es/olimpiada2/?q=node/117,fuentes/raw/web-antigua/node-117.html,F0098,numeros,,22030,
F0102,1989-V,provincial,2,,imagen,figura,descargado,https://thales.cica.es/olimpiada2/files/images/Califa_0.gif,fuentes/raw/ficheros/1989-V/Califa_0.gif,F0101,,,9357,
F0103,1989-V,provincial,2,,imagen,figura,descargado,https://thales.cica.es/olimpiada2/files/images/Gato_1.gif,fuentes/raw/ficheros/1989-V/Gato_1.gif,F0101,,,19264,
F0104,1989-V,provincial,3,Calendario problemático,nodo-problema,enunciado,descargado,https://thales.cica.es/olimpiada2/?q=node/118,fuentes/raw/web-antigua/node-118.html,F0098,numeros,,22040,
F0105,1989-V,provincial,3,,imagen,figura,descargado,https://thales.cica.es/olimpiada/EdicionesAnteriores/Problemas/octubre.JPG,fuentes/raw/ficheros/1989-V/octubre.JPG,F0104,,,22299,
F0106,1989-V,provincial,4,El partidillo,nodo-problema,enunciado,descargado,https://thales.cica.es/olimpiada2/?q=node/119,fuentes/raw/web-antigua/node-119.html,F0098,funciones,,22344,
F0107,1989-V,provincial,4,,imagen,figura,descargado,https://thales.cica.es/olimpiada/EdicionesAnteriores/Problemas/grafica.JPG,fuentes/raw/ficheros/1989-V/grafica.JPG,F0106,,,6633,
F0108,1989-V,provincial,5,La vendimia de la abuela (o la cuenta de la vieja),nodo-problema,enunciado,descargado,https://thales.cica.es/olimpiada2/?q=node/120,fuentes/raw/web-antigua/node-120.html,F0098,numeros,,22308,
F0109,1989-V,provincial,5,,imagen,figura,descargado,https://thales.cica.es/olimpiada2/files/images/AbuelaPinto_0.gif,fuentes/raw/ficheros/1989-V/AbuelaPinto_0.gif,F0108,,,16622,
F0110,1989-V,provincial,6,La parcela geométrica,nodo-problema,enunciado,descargado,https://thales.cica.es/olimpiada2/?q=node/121,fuentes/raw/web-antigua/node-121.html,F0098,,,21313,
F0111,1989-V,provincial,7,Me quedé sin discos,nodo-problema,enunciado,descargado,https://thales.cica.es/olimpiada2/?q=node/122,fuentes/raw/web-antigua/node-122.html,F0098,numeros,,21835,
F0112,1989-V,provincial,8,El bailoteo,nodo-problema,enunciado,descargado,https://thales.cica.es/olimpiada2/?q=node/123,fuentes/raw/web-antigua/node-123.html,F0098,,,21573,
F0113,1989-V,regional,1,El arreglo de la abuela,nodo-problema,enunciado,descargado,https://thales.cica.es/olimpiada2/?q=node/124,fuentes/raw/web-antigua/node-124.html,F0098,numeros,,21955,
F0114,1989-V,regional,1,,imagen,figura,descargado,https://thales.cica.es/olimpiada/EdicionesAnteriores/Regional/presupuesto.JPG,fuentes/raw/ficheros/1989-V/presupuesto.JPG,F0113,,,42641,
F0115,1989-V,regional,2,Cuestión de tiempo,nodo-problema,enunciado,descargado,https://thales.cica.es/olimpiada2/?q=node/125,fuentes/raw/web-antigua/node-125.html,F0098,numeros,,21421,
F0116,1989-V,regional,3,Domineando,nodo-problema,enunciado,descargado,https://thales.cica.es/olimpiada2/?q=node/126,fuentes/raw/web-antigua/node-126.html,F0098,numeros,,21713,
F0117,1989-V,regional,3,,imagen,figura,descargado,https://thales.cica.es/olimpiada/EdicionesAnteriores/Regional/domineando.JPG,fuentes/raw/ficheros/1989-V/domineando.JPG,F0116,,,24037,
F0118,1989-V,regional,4,El apagón,nodo-problema,enunciado,descargado,https://thales.cica.es/olimpiada2/?q=node/127,fuentes/raw/web-antigua/node-127.html,F0098,,,21396,
F0119,1989-V,regional,5,El canguro saltarín,nodo-problema,enunciado,descargado,https://thales.cica.es/olimpiada2/?q=node/128,fuentes/raw/web-antigua/node-128.html,F0098,numeros,,22386,
F0120,1989-V,regional,5,,imagen,figura,descargado,https://thales.cica.es/olimpiada/EdicionesAnteriores/Regional/canguro.JPG,fuentes/raw/ficheros/1989-V/canguro.JPG,F0119,,,40265,
F0121,1989-V,regional,6,¡Imposible!,nodo-problema,enunciado,descargado,https://thales.cica.es/olimpiada2/?q=node/129,fuentes/raw/web-antigua/node-129.html,F0098,,,21287,
F0122,1989-V,regional,6,,imagen,figura,descargado,https://thales.cica.es/olimpiada/EdicionesAnteriores/Regional/imposible.JPG,fuentes/raw/ficheros/1989-V/imposible.JPG,F0121,,,21667,
F0123,1989-V,regional,7,La pasta,nodo-problema,enunciado,descargado,https://thales.cica.es/olimpiada2/?q=node/130,fuentes/raw/web-antigua/node-130.html,F0098,,,21320,
F0124,1989-V,regional,7,,imagen,figura,descargado,https://thales.cica.es/olimpiada/EdicionesAnteriores/Regional/pasta.JPG,fuentes/raw/ficheros/1989-V/pasta.JPG,F0123,,,23648,
F0125,1989-V,regional,8,Cuadraditos,nodo-problema,enunciado,descargado,https://thales.cica.es/olimpiada2/?q=node/131,fuentes/raw/web-antigua/node-131.html,F0098,numeros,,21710,
F0126,1989-V,regional,8,,imagen,figura,descargado,https://thales.cica.es/olimpiada/EdicionesAnteriores/Regional/cuadraditos.JPG,fuentes/raw/ficheros/1989-V/cuadraditos.JPG,F0125,,,17501,
F0127,1989-V,,,"V Olimpiada Matemática Thales (Sierra Nevada, 1989)",pagina-edicion,,descargado,https://thales.cica.es/olimpiada2/?q=node/41,fuentes/raw/web-antigua/node-41.html,,,,23773,
F0128,1990-VI,,,"VI Olimpiada Matemática Thales (Carbonera, 1990)",pagina-edicion,,descargado,https://olimpiada.saemthales.es/node/42,fuentes/raw/web-actual/node-42.html,,,,46576,
F0129,1990-VI,provincial,1,La punta de la flecha,nodo-problema,enunciado,descargado,https://thales.cica.es/olimpiada2/?q=node/133,fuentes/raw/web-antigua/node-133.html,F0128,,,21424,
F0130,1990-VI,provincial,1,,imagen,figura,descargado,https://thales.cica.es/olimpiada/EdicionesAnteriores/Problemas/flecha.JPG,fuentes/raw/ficheros/1990-VI/flecha.JPG,F0129,,,5925,
F0131,1990-VI,provincial,2,Los tres hermanos increibles,nodo-problema,enunciado,descargado,https://thales.cica.es/olimpiada2/?q=node/134,fuentes/raw/web-antigua/node-134.html,F0128,,,21632,
F0132,1990-VI,provincial,3,Cosas de peces,nodo-problema,enunciado,descargado,https://thales.cica.es/olimpiada2/?q=node/135,fuentes/raw/web-antigua/node-135.html,F0128,,,21400,
F0133,1990-VI,provincial,4,Las vacas del pueblo,nodo-problema,enunciado,descargado,https://thales.cica.es/olimpiada2/?q=node/136,fuentes/raw/web-antigua/node-136.html,F0128,numeros,,22596,
F0134,1990-VI,provincial,4,,imagen,figura,descargado,https://thales.cica.es/olimpiada/Matelandia/DonGonzalo.gif,fuentes/raw/ficheros/1990-VI/DonGonzalo.gif,F0133,,,8793,
F0135,1990-VI,provincial,4,,imagen,figura,descargado,https://thales.cica.es/olimpiada/Matelandia/MarceloVaquero.gif,fuentes/raw/ficheros/1990-VI/MarceloVaquero.gif,F0133,,,7219,
F0136,1990-VI,provincial,5,Al tostadero,nodo-problema,enunciado,descargado,https://thales.cica.es/olimpiada2/?q=node/137,fuentes/raw/web-antigua/node-137.html,F0128,numeros,,21453,
F0137,1990-VI,provincial,6,En las estrellas,nodo-problema,enunciado,descargado,https://thales.cica.es/olimpiada2/?q=node/138,fuentes/raw/web-antigua/node-138.html,F0128,,,21309,
F0138,1990-VI,provincial,6,,imagen,figura,descargado,https://thales.cica.es/olimpiada/EdicionesAnteriores/Problemas/estrella.JPG,fuentes/raw/ficheros/1990-VI/estrella.JPG,F0137,,,9196,
F0139,1990-VI,provincial,7,La fuente del pueblo,nodo-problema,enunciado,descargado,https://thales.cica.es/olimpiada2/?q=node/139,fuentes/raw/web-antigua/node-139.html,F0128,,,21620,
F0140,1990-VI,provincial,7,,imagen,figura,descargado,https://thales.cica.es/olimpiada/EdicionesAnteriores/Problemas/fuente.JPG,fuentes/raw/ficheros/1990-VI/fuente.JPG,F0139,,,7386,
F0141,1990-VI,provincial,8,¡Qué ruina!,nodo-problema,enunciado,descargado,https://thales.cica.es/olimpiada2/?q=node/140,fuentes/raw/web-antigua/node-140.html,F0128,numeros,,21562,
F0142,1990-VI,regional,1,"Turrón ""La Muela""",nodo-problema,enunciado,descargado,https://thales.cica.es/olimpiada2/?q=node/141,fuentes/raw/web-antigua/node-141.html,F0128,,,21463,
F0143,1990-VI,regional,1,,imagen,figura,descargado,https://thales.cica.es/olimpiada/EdicionesAnteriores/Regional/turron.JPG,fuentes/raw/ficheros/1990-VI/turron.JPG,F0142,,,31247,
F0144,1990-VI,regional,2,De punto a punto,nodo-problema,enunciado,descargado,https://thales.cica.es/olimpiada2/?q=node/142,fuentes/raw/web-antigua/node-142.html,F0128,numeros,,21705,
F0145,1990-VI,regional,2,,imagen,figura,descargado,https://thales.cica.es/olimpiada/EdicionesAnteriores/Regional/punto.JPG,fuentes/raw/ficheros/1990-VI/punto.JPG,F0144,,,18324,
F0146,1990-VI,regional,3,Travesura numérica,nodo-problema,enunciado,descargado,https://thales.cica.es/olimpiada2/?q=node/143,fuentes/raw/web-antigua/node-143.html,F0128,numeros,,21451,
F0147,1990-VI,regional,4,Coincidencia poligonal,nodo-problema,enunciado,descargado,https://thales.cica.es/olimpiada2/?q=node/144,fuentes/raw/web-antigua/node-144.html,F0128,numeros,,21450,
F0148,1990-VI,regional,5,Maniobras,nodo-problema,enunciado,descargado,https://thales.cica.es/olimpiada2/?q=node/145,fuentes/raw/web-antigua/node-145.html,F0128,,,21529,
F0149,1990-VI,regional,5,,imagen,figura,descargado,https://thales.cica.es/olimpiada/EdicionesAnteriores/Regional/maniobras.JPG,fuentes/raw/ficheros/1990-VI/maniobras.JPG,F0148,,,35187,
F0150,1990-VI,regional,6,¡Vamos de boda!,nodo-problema,enunciado,descargado,https://thales.cica.es/olimpiada2/?q=node/146,fuentes/raw/web-antigua/node-146.html,F0128,,,22251,
F0151,1990-VI,regional,7,Un problema muy espacial,nodo-problema,enunciado,descargado,https://thales.cica.es/olimpiada2/?q=node/147,fuentes/raw/web-antigua/node-147.html,F0128,,,21624,
F0152,1990-VI,,,VI OMT Regional 8: What time is it?,nodo,,descargado,https://thales.cica.es/olimpiada2/?q=node/148,fuentes/raw/web-antigua/node-148.html,F0128,,,21234,
F0153,1990-VI,,,"VI Olimpiada Matemática Thales (Carbonera, 1990)",pagina-edicion,,descargado,https://thales.cica.es/olimpiada2/?q=node/42,fuentes/raw/web-antigua/node-42.html,,,,23630,
F0154,1991-VII,,,VII Olimpiada Matemática Thales (1991),pagina-edicion,,descargado,https://olimpiada.saemthales.es/node/39,fuentes/raw/web-actual/node-39.html,,,,46759,
F0155,1991-VII,provincial,1,Un alumno muy perspicaz,nodo-problema,enunciado,descargado,https://thales.cica.es/olimpiada2/?q=node/149,fuentes/raw/web-antigua/node-149.html,F0154,numeros,,23271,
F0156,1991-VII,,,¡Vaya cuadrado!,nodo,,descargado,https://thales.cica.es/olimpiada2/?q=node/150,fuentes/raw/web-antigua/node-150.html,F0154,,,21523,
F0157,1991-VII,provincial,2,¿Cociente o resto?,nodo-problema,enunciado,descargado,https://thales.cica.es/olimpiada2/?q=node/151,fuentes/raw/web-antigua/node-151.html,F0154,numeros,,21710,
F0158,1991-VII,provincial,3,¡A plaza fija!,nodo-problema,enunciado,descargado,https://thales.cica.es/olimpiada2/?q=node/152,fuentes/raw/web-antigua/node-152.html,F0154,,,21425,
F0159,1991-VII,provincial,5,Alumn@s,nodo-problema,enunciado,descargado,https://thales.cica.es/olimpiada2/?q=node/153,fuentes/raw/web-antigua/node-153.html,F0154,,,21364,
F0160,1991-VII,provincial,6,Lápices,nodo-problema,enunciado,descargado,https://thales.cica.es/olimpiada2/?q=node/154,fuentes/raw/web-antigua/node-154.html,F0154,funciones,,22159,
F0161,1991-VII,provincial,6,,imagen,figura,descargado,https://thales.cica.es/olimpiada/EdicionesAnteriores/Problemas/Lapices.JPG,fuentes/raw/ficheros/1991-VII/Lapices.JPG,F0160,,,12568,
F0162,1991-VII,provincial,7,Cádiz - Moscú,nodo-problema,enunciado,descargado,https://thales.cica.es/olimpiada2/?q=node/155,fuentes/raw/web-antigua/node-155.html,F0154,numeros funciones,,21795,
F0163,1991-VII,provincial,8,Racionando,nodo-problema,enunciado,descargado,https://thales.cica.es/olimpiada2/?q=node/156,fuentes/raw/web-antigua/node-156.html,F0154,,,21294,
F0164,1991-VII,regional,1,Reunión de alto pelo,nodo-problema,enunciado,descargado,https://thales.cica.es/olimpiada2/?q=node/157,fuentes/raw/web-antigua/node-157.html,F0154,,,21730,
F0165,1991-VII,regional,2,Curiosa solería,nodo-problema,enunciado,descargado,https://thales.cica.es/olimpiada2/?q=node/158,fuentes/raw/web-antigua/node-158.html,F0154,,,21400,
F0166,1991-VII,regional,2,,imagen,figura,descargado,https://thales.cica.es/olimpiada/EdicionesAnteriores/Regional/soleria.JPG,fuentes/raw/ficheros/1991-VII/soleria.JPG,F0165,,,28519,
F0167,1991-VII,regional,3,Menuda estrella,nodo-problema,enunciado,descargado,https://thales.cica.es/olimpiada2/?q=node/159,fuentes/raw/web-antigua/node-159.html,F0154,,,21276,
F0168,1991-VII,regional,3,,imagen,figura,descargado,https://thales.cica.es/olimpiada/EdicionesAnteriores/Regional/menudaest.JPG,fuentes/raw/ficheros/1991-VII/menudaest.JPG,F0167,,,23195,
F0169,1991-VII,regional,4,Merienda accidentada,nodo-problema,enunciado,descargado,https://thales.cica.es/olimpiada2/?q=node/160,fuentes/raw/web-antigua/node-160.html,F0154,,,21573,
F0170,1991-VII,regional,5,A todo gas,nodo-problema,enunciado,descargado,https://thales.cica.es/olimpiada2/?q=node/161,fuentes/raw/web-antigua/node-161.html,F0154,funciones,,21822,
F0171,1991-VII,regional,5,,imagen,figura,descargado,https://thales.cica.es/olimpiada/EdicionesAnteriores/Regional/todogas.JPG,fuentes/raw/ficheros/1991-VII/todogas.JPG,F0170,,,22953,
F0172,1991-VII,regional,6,Números vecinos,nodo-problema,enunciado,descargado,https://thales.cica.es/olimpiada2/?q=node/162,fuentes/raw/web-antigua/node-162.html,F0154,numeros,,21847,
F0173,1991-VII,regional,7,Extraña ecuación,nodo-problema,enunciado,descargado,https://thales.cica.es/olimpiada2/?q=node/163,fuentes/raw/web-antigua/node-163.html,F0154,funciones,,21894,
F0174,1991-VII,regional,7,,imagen,figura,descargado,https://thales.cica.es/olimpiada/EdicionesAnteriores/Regional/ecuacion1.JPG,fuentes/raw/ficheros/1991-VII/ecuacion1.JPG,F0173,,,19609,
F0175,1991-VII,regional,7,,imagen,figura,descargado,https://thales.cica.es/olimpiada/EdicionesAnteriores/Regional/ecuacion2.JPG,fuentes/raw/ficheros/1991-VII/ecuacion2.JPG,F0173,,,14980,
F0176,1991-VII,regional,8,Equiáreas,nodo-problema,enunciado,descargado,https://thales.cica.es/olimpiada2/?q=node/164,fuentes/raw/web-antigua/node-164.html,F0154,,,23706,
F0177,1991-VII,,,Memoria,nodo,otro,descargado,https://thales.cica.es/olimpiada2/?q=node/952,fuentes/raw/web-antigua/node-952.html,F0154,,,20592,álbum de fotos
F0178,1991-VII,,,VII Olimpiada Matemática Thales (1991),pagina-edicion,,descargado,https://thales.cica.es/olimpiada2/?q=node/39,fuentes/raw/web-antigua/node-39.html,,,,23815,
F0179,1992-VIII,,,VIII Olimpiada Matemática Thales (1992),pagina-edicion,,descargado,https://olimpiada.saemthales.es/node/36,fuentes/raw/web-actual/node-36.html,,,,46623,
F0180,1992-VIII,provincial,1,El botellón,nodo-problema,enunciado,descargado,https://thales.cica.es/olimpiada2/?q=node/165,fuentes/raw/web-antigua/node-165.html,F0179,funciones,,21664,
F0181,1992-VIII,provincial,1,,imagen,figura,descargado,https://thales.cica.es/olimpiada/EdicionesAnteriores/Problemas/botellon.JPG,fuentes/raw/ficheros/1992-VIII/botellon.JPG,F0180,,,15024,
F0182,1992-VIII,provincial,2,Una cateada,nodo-problema,enunciado,descargado,https://thales.cica.es/olimpiada2/?q=node/166,fuentes/raw/web-antigua/node-166.html,F0179,,,21552,
F0183,1992-VIII,provincial,2,,imagen,figura,descargado,https://thales.cica.es/olimpiada/EdicionesAnteriores/Problemas/cateada.JPG,fuentes/raw/ficheros/1992-VIII/cateada.JPG,F0182,,,12207,
F0184,1992-VIII,provincial,3,Xumery,nodo-problema,enunciado,descargado,https://thales.cica.es/olimpiada2/?q=node/167,fuentes/raw/web-antigua/node-167.html,F0179,numeros,,21370,
F0185,1992-VIII,provincial,4,Deporte para todos,nodo-problema,enunciado,descargado,https://thales.cica.es/olimpiada2/?q=node/168,fuentes/raw/web-antigua/node-168.html,F0179,,,21557,
F0186,1992-VIII,provincial,5,Cuadrángulos,nodo-problema,enunciado,descargado,https://thales.cica.es/olimpiada2/?q=node/169,fuentes/raw/web-antigua/node-169.html,F0179,,,21312,
F0187,1992-VIII,provincial,5,,imagen,figura,descargado,https://thales.cica.es/olimpiada/EdicionesAnteriores/Problemas/cuadrangulo.JPG,fuentes/raw/ficheros/1992-VIII/cuadrangulo.JPG,F0186,,,4758,
F0188,1992-VIII,provincial,6,Merienda con gas,nodo-problema,enunciado,descargado,https://thales.cica.es/olimpiada2/?q=node/170,fuentes/raw/web-antigua/node-170.html,F0179,numeros,,21815,
F0189,1992-VIII,provincial,7,Adulterio matemático,nodo-problema,enunciado,descargado,https://thales.cica.es/olimpiada2/?q=node/171,fuentes/raw/web-antigua/node-171.html,F0179,numeros,,21909,
F0190,1992-VIII,provincial,8,La herradura,nodo-problema,enunciado,descargado,https://thales.cica.es/olimpiada2/?q=node/172,fuentes/raw/web-antigua/node-172.html,F0179,,,21634,
F0191,1992-VIII,provincial,8,,imagen,figura,descargado,https://thales.cica.es/olimpiada/EdicionesAnteriores/Problemas/herradura.JPG,fuentes/raw/ficheros/1992-VIII/herradura.JPG,F0190,,,8884,
F0192,1992-VIII,regional,1,Al hilo de lo imposible,nodo-problema,enunciado,descargado,https://thales.cica.es/olimpiada2/?q=node/173,fuentes/raw/web-antigua/node-173.html,F0179,,,21426,
F0193,1992-VIII,regional,2,Canicas,nodo-problema,enunciado,descargado,https://thales.cica.es/olimpiada2/?q=node/174,fuentes/raw/web-antigua/node-174.html,F0179,numeros,,21776,
F0194,1992-VIII,regional,3,Meganúmero,nodo-problema,enunciado,descargado,https://thales.cica.es/olimpiada2/?q=node/175,fuentes/raw/web-antigua/node-175.html,F0179,numeros,,21821,
F0195,1992-VIII,regional,4,Cuacuadrado,nodo-problema,enunciado,descargado,https://thales.cica.es/olimpiada2/?q=node/176,fuentes/raw/web-antigua/node-176.html,F0179,,,21308,
F0196,1992-VIII,regional,5,Petrodólares,nodo-problema,enunciado,descargado,https://thales.cica.es/olimpiada2/?q=node/177,fuentes/raw/web-antigua/node-177.html,F0179,funciones,,21983,
F0197,1992-VIII,regional,5,,imagen,figura,descargado,https://thales.cica.es/olimpiada/EdicionesAnteriores/Regional/petrodolares.JPG,fuentes/raw/ficheros/1992-VIII/petrodolares.JPG,F0196,,,31019,
F0198,1992-VIII,regional,6,A toda máquina,nodo-problema,enunciado,descargado,https://thales.cica.es/olimpiada2/?q=node/178,fuentes/raw/web-antigua/node-178.html,F0179,numeros,,21748,
F0199,1992-VIII,regional,7,¿Rana o caimán?,nodo-problema,enunciado,descargado,https://thales.cica.es/olimpiada2/?q=node/179,fuentes/raw/web-antigua/node-179.html,F0179,,,21759,
F0200,1992-VIII,regional,8,Dedicado a Thales,nodo-problema,enunciado,descargado,https://thales.cica.es/olimpiada2/?q=node/180,fuentes/raw/web-antigua/node-180.html,F0179,,,21194,
F0201,1992-VIII,,,VIII Olimpiada Matemática Thales (1992),pagina-edicion,,descargado,https://thales.cica.es/olimpiada2/?q=node/36,fuentes/raw/web-antigua/node-36.html,,,,23685,
F0202,1993-IX,,,IX Olimpiada Matemática Thales (1993),pagina-edicion,,descargado,https://olimpiada.saemthales.es/node/37,fuentes/raw/web-actual/node-37.html,,,,45897,
F0203,1993-IX,provincial,1,Gira el cuadrado,nodo-problema,enunciado,descargado,https://thales.cica.es/olimpiada2/?q=node/181,fuentes/raw/web-antigua/node-181.html,F0202,,,21398,
F0204,1993-IX,provincial,1,,imagen,figura,descargado,https://thales.cica.es/olimpiada/EdicionesAnteriores/Problemas/giraCuadrado.JPG,fuentes/raw/ficheros/1993-IX/giraCuadrado.JPG,F0203,,,4046,
F0205,1993-IX,provincial,2,Encestando,nodo-problema,enunciado,descargado,https://thales.cica.es/olimpiada2/?q=node/182,fuentes/raw/web-antigua/node-182.html,F0202,numeros,,21534,
F0206,1993-IX,provincial,3,"Llamadas, llamadas",nodo-problema,enunciado,descargado,https://thales.cica.es/olimpiada2/?q=node/183,fuentes/raw/web-antigua/node-183.html,F0202,funciones,,22107,
F0207,1993-IX,provincial,3,,imagen,figura,descargado,https://thales.cica.es/olimpiada/EdicionesAnteriores/Problemas/llamadas.JPG,fuentes/raw/ficheros/1993-IX/llamadas.JPG,F0206,,,21734,
F0208,1993-IX,provincial,4,Verás las estrellas,nodo-problema,enunciado,descargado,https://thales.cica.es/olimpiada2/?q=node/184,fuentes/raw/web-antigua/node-184.html,F0202,numeros,,21495,
F0209,1993-IX,provincial,4,,imagen,figura,descargado,https://thales.cica.es/olimpiada/EdicionesAnteriores/Problemas/estrellas.JPG,fuentes/raw/ficheros/1993-IX/estrellas.JPG,F0208,,,6884,
F0210,1993-IX,provincial,5,Combinación cuadrada,nodo-problema,enunciado,descargado,https://thales.cica.es/olimpiada2/?q=node/185,fuentes/raw/web-antigua/node-185.html,F0202,numeros,,21927,
F0211,1993-IX,provincial,6,El ascensor,nodo-problema,enunciado,descargado,https://thales.cica.es/olimpiada2/?q=node/186,fuentes/raw/web-antigua/node-186.html,F0202,,,21150,
F0212,1993-IX,regional,1,Prisioneros enjaulados,nodo-problema,enunciado,descargado,https://thales.cica.es/olimpiada2/?q=node/187,fuentes/raw/web-antigua/node-187.html,F0202,numeros,,21861,
F0213,1993-IX,regional,1,,imagen,figura,descargado,https://thales.cica.es/olimpiada/EdicionesAnteriores/Regional/prisioneros.JPG,fuentes/raw/ficheros/1993-IX/prisioneros.JPG,F0212,,,19840,
F0214,1993-IX,regional,2,¡Vaya círculos!,nodo-problema,enunciado,descargado,https://thales.cica.es/olimpiada2/?q=node/188,fuentes/raw/web-antigua/node-188.html,F0202,,,21310,
F0215,1993-IX,regional,2,,imagen,figura,descargado,https://thales.cica.es/olimpiada/EdicionesAnteriores/Regional/vayacircul.JPG,fuentes/raw/ficheros/1993-IX/vayacircul.JPG,F0214,,,22743,
F0216,1993-IX,regional,3,Agua o vino,nodo-problema,enunciado,descargado,https://thales.cica.es/olimpiada2/?q=node/189,fuentes/raw/web-antigua/node-189.html,F0202,numeros,,21699,
F0217,1993-IX,regional,4,Campamento de verano,nodo-problema,enunciado,descargado,https://thales.cica.es/olimpiada2/?q=node/190,fuentes/raw/web-antigua/node-190.html,F0202,funciones,,21748,
F0218,1993-IX,regional,4,,imagen,figura,descargado,https://thales.cica.es/olimpiada/EdicionesAnteriores/Regional/campamento.JPG,fuentes/raw/ficheros/1993-IX/campamento.JPG,F0217,,,25462,
F0219,1993-IX,regional,5,¡Qué puntazo!,nodo-problema,enunciado,descargado,https://thales.cica.es/olimpiada2/?q=node/191,fuentes/raw/web-antigua/node-191.html,F0202,,,21268,
F0220,1993-IX,regional,6,¡Menudo hotel!,nodo-problema,enunciado,descargado,https://thales.cica.es/olimpiada2/?q=node/192,fuentes/raw/web-antigua/node-192.html,F0202,numeros,,22495,
F0221,1993-IX,,,IX Olimpiada Matemática Thales (1993),pagina-edicion,,descargado,https://thales.cica.es/olimpiada2/?q=node/37,fuentes/raw/web-antigua/node-37.html,,,,22956,
F0222,1994-X,,,"X Olimpiada Matemática Thales (Roquetas de Mar, 1994)",pagina-edicion,,descargado,https://olimpiada.saemthales.es/node/34,fuentes/raw/web-actual/node-34.html,,,,45900,
F0223,1994-X,provincial,1,Embotellando,nodo-problema,enunciado,descargado,https://thales.cica.es/olimpiada2/?q=node/193,fuentes/raw/web-antigua/node-193.html,F0222,,,21193,
F0224,1994-X,provincial,2,Triángulo circular,nodo-problema,enunciado,descargado,https://thales.cica.es/olimpiada2/?q=node/194,fuentes/raw/web-antigua/node-194.html,F0222,,,21324,
F0225,1994-X,provincial,2,,imagen,figura,descargado,https://thales.cica.es/olimpiada/EdicionesAnteriores/Problemas/TrianguloCircular.JPG,fuentes/raw/ficheros/1994-X/TrianguloCircular.JPG,F0224,,,4970,
F0226,1994-X,provincial,3,Apilando cubos,nodo-problema,enunciado,descargado,https://thales.cica.es/olimpiada2/?q=node/195,fuentes/raw/web-antigua/node-195.html,F0222,numeros,,22184,
F0227,1994-X,provincial,3,,imagen,figura,descargado,https://thales.cica.es/olimpiada/EdicionesAnteriores/Problemas/Apilando.JPG,fuentes/raw/ficheros/1994-X/Apilando.JPG,F0226,,,5671,
F0228,1994-X,provincial,4,Triangulizando,nodo-problema,enunciado,descargado,https://thales.cica.es/olimpiada2/?q=node/196,fuentes/raw/web-antigua/node-196.html,F0222,numeros,,22180,
F0229,1994-X,provincial,4,,imagen,figura,descargado,https://thales.cica.es/olimpiada/EdicionesAnteriores/Problemas/Triangulizando.JPG,fuentes/raw/ficheros/1994-X/Triangulizando.JPG,F0228,,,4745,
F0230,1994-X,provincial,5,Una cena con muchos humos,nodo-problema,enunciado,descargado,https://thales.cica.es/olimpiada2/?q=node/197,fuentes/raw/web-antigua/node-197.html,F0222,,,21394,
F0231,1994-X,provincial,6,Transporte escolar,nodo-problema,enunciado,descargado,https://thales.cica.es/olimpiada2/?q=node/198,fuentes/raw/web-antigua/node-198.html,F0222,funciones,,23511,
F0232,1994-X,provincial,6,,imagen,figura,descargado,https://thales.cica.es/olimpiada/EdicionesAnteriores/Regional/transporteesc.JPG,fuentes/raw/ficheros/1994-X/transporteesc.JPG,F0231,,,21928,
F0233,1994-X,regional,1,Triángulos y círculos,nodo-problema,enunciado,descargado,https://thales.cica.es/olimpiada2/?q=node/199,fuentes/raw/web-antigua/node-199.html,F0222,numeros,,21872,
F0234,1994-X,regional,1,,imagen,figura,descargado,https://thales.cica.es/olimpiada/EdicionesAnteriores/Regional/triangcirc.JPG,fuentes/raw/ficheros/1994-X/triangcirc.JPG,F0233,,,19592,
F0235,1994-X,regional,2,La merendola,nodo-problema,enunciado,descargado,https://thales.cica.es/olimpiada2/?q=node/200,fuentes/raw/web-antigua/node-200.html,F0222,,,21455,
F0236,1994-X,regional,3,Glotonerías,nodo-problema,enunciado,descargado,https://thales.cica.es/olimpiada2/?q=node/201,fuentes/raw/web-antigua/node-201.html,F0222,numeros,,21466,
F0237,1994-X,regional,4,¿Par o impar?,nodo-problema,enunciado,descargado,https://thales.cica.es/olimpiada2/?q=node/202,fuentes/raw/web-antigua/node-202.html,F0222,numeros,,21377,
F0238,1994-X,regional,5,Sabrosas bolitas,nodo-problema,enunciado,descargado,https://thales.cica.es/olimpiada2/?q=node/203,fuentes/raw/web-antigua/node-203.html,F0222,funciones,,22109,
F0239,1994-X,,,"X Olimpiada Matemática Thales (Roquetas de Mar, 1994)",pagina-edicion,,descargado,https://thales.cica.es/olimpiada2/?q=node/34,fuentes/raw/web-antigua/node-34.html,,,,22958,
F0240,1995-XI,,,XI Olimpiada Matemática Thales (1995),pagina-edicion,,descargado,https://olimpiada.saemthales.es/node/32,fuentes/raw/web-actual/node-32.html,,,,46017,
F0241,1995-XI,provincial,1,Signos y operaciones,nodo-problema,enunciado,descargado,https://thales.cica.es/olimpiada2/?q=node/204,fuentes/raw/web-antigua/node-204.html,F0240,numeros,,22154,
F0242,1995-XI,provincial,2,"Rectas, rectas",nodo-problema,enunciado,descargado,https://thales.cica.es/olimpiada2/?q=node/205,fuentes/raw/web-antigua/node-205.html,F0240,funciones,,21574,
F0243,1995-XI,provincial,3,La mudanza,nodo-problema,enunciado,descargado,https://thales.cica.es/olimpiada2/?q=node/206,fuentes/raw/web-antigua/node-206.html,F0240,,,21402,
F0244,1995-XI,provincial,3,,imagen,figura,descargado,https://thales.cica.es/olimpiada/EdicionesAnteriores/Problemas/Mudanza.JPG,fuentes/raw/ficheros/1995-XI/Mudanza.JPG,F0243,,,4716,
F0245,1995-XI,provincial,4,Puntualidad,nodo-problema,enunciado,descargado,https://thales.cica.es/olimpiada2/?q=node/207,fuentes/raw/web-antigua/node-207.html,F0240,,,21803,
F0246,1995-XI,provincial,5,Repasando la geometría,nodo-problema,enunciado,descargado,https://thales.cica.es/olimpiada2/?q=node/208,fuentes/raw/web-antigua/node-208.html,F0240,,,21474,
F0247,1995-XI,provincial,6,Menos humos,nodo-problema,enunciado,descargado,https://thales.cica.es/olimpiada2/?q=node/209,fuentes/raw/web-antigua/node-209.html,F0240,funciones,,22465,
F0248,1995-XI,provincial,6,,imagen,figura,descargado,https://thales.cica.es/olimpiada/EdicionesAnteriores/Problemas/Humos.JPG,fuentes/raw/ficheros/1995-XI/Humos.JPG,F0247,,,87976,
F0249,1995-XI,regional,1,Capricho geométrico,nodo-problema,enunciado,descargado,https://thales.cica.es/olimpiada2/?q=node/210,fuentes/raw/web-antigua/node-210.html,F0240,,,21657,
F0250,1995-XI,regional,1,,imagen,figura,descargado,https://thales.cica.es/olimpiada/EdicionesAnteriores/Regional/capricho.JPG,fuentes/raw/ficheros/1995-XI/capricho.JPG,F0249,,,29476,
F0251,1995-XI,regional,2,Ponlo en hora,nodo-problema,enunciado,descargado,https://thales.cica.es/olimpiada2/?q=node/211,fuentes/raw/web-antigua/node-211.html,F0240,numeros,,21757,
F0252,1995-XI,regional,3,El ladrillo,nodo-problema,enunciado,descargado,https://thales.cica.es/olimpiada2/?q=node/212,fuentes/raw/web-antigua/node-212.html,F0240,numeros,,21466,
F0253,1995-XI,regional,4,Pepino el cocinero,nodo-problema,enunciado,descargado,https://thales.cica.es/olimpiada2/?q=node/213,fuentes/raw/web-antigua/node-213.html,F0240,,,21671,
F0254,1995-XI,regional,4,,imagen,figura,descargado,https://thales.cica.es/olimpiada/EdicionesAnteriores/Regional/cocinero.JPG,fuentes/raw/ficheros/1995-XI/cocinero.JPG,F0253,,,25368,
F0255,1995-XI,regional,5,Cuestión de rentabilidad,nodo-problema,enunciado,descargado,https://thales.cica.es/olimpiada2/?q=node/214,fuentes/raw/web-antigua/node-214.html,F0240,funciones estadistica,,21723,
F0256,1995-XI,regional,5,,imagen,figura,descargado,https://thales.cica.es/olimpiada/EdicionesAnteriores/Regional/rentabilidad.JPG,fuentes/raw/ficheros/1995-XI/rentabilidad.JPG,F0255,,,34206,
F0257,1995-XI,regional,6,Granada 95,nodo-problema,enunciado,descargado,https://thales.cica.es/olimpiada2/?q=node/215,fuentes/raw/web-antigua/node-215.html,F0240,numeros,,22737,
F0258,1995-XI,regional,6,,imagen,figura,descargado,https://thales.cica.es/olimpiada/EdicionesAnteriores/Regional/granada95.JPG,fuentes/raw/ficheros/1995-XI/granada95.JPG,F0257,,,14861,
F0259,1995-XI,,,XI Olimpiada Matemática Thales (1995),pagina-edicion,,descargado,https://thales.cica.es/olimpiada2/?q=node/32,fuentes/raw/web-antigua/node-32.html,,,,23076,
F0260,1996-XII,,,XII Olimpiada Matemática Thales (1996),pagina-edicion,,descargado,https://olimpiada.saemthales.es/node/30,fuentes/raw/web-actual/node-30.html,,,,45988,
F0261,1996-XII,provincial,1,Descuadrilateando,nodo-problema,enunciado,descargado,https://thales.cica.es/olimpiada2/?q=node/216,fuentes/raw/web-antigua/node-216.html,F0260,numeros,,21617,
F0262,1996-XII,provincial,2,A todo tren,nodo-problema,enunciado,descargado,https://thales.cica.es/olimpiada2/?q=node/217,fuentes/raw/web-antigua/node-217.html,F0260,numeros,,21714,
F0263,1996-XII,provincial,3,Al recreo,nodo-problema,enunciado,descargado,https://thales.cica.es/olimpiada2/?q=node/218,fuentes/raw/web-antigua/node-218.html,F0260,,,21554,
F0264,1996-XII,provincial,4,Clave numérica,nodo-problema,enunciado,descargado,https://thales.cica.es/olimpiada2/?q=node/219,fuentes/raw/web-antigua/node-219.html,F0260,numeros,,21873,
F0265,1996-XII,provincial,5,Monedas,nodo-problema,enunciado,descargado,https://thales.cica.es/olimpiada2/?q=node/220,fuentes/raw/web-antigua/node-220.html,F0260,numeros,,21870,
F0266,1996-XII,provincial,6,A tijeretazos,nodo-problema,enunciado,descargado,https://thales.cica.es/olimpiada2/?q=node/221,fuentes/raw/web-antigua/node-221.html,F0260,numeros,,21726,
F0267,1996-XII,regional,1,Cuentacuadrados,nodo-problema,enunciado,descargado,https://thales.cica.es/olimpiada2/?q=node/222,fuentes/raw/web-antigua/node-222.html,F0260,numeros,,21610,
F0268,1996-XII,regional,2,Emparejacuatrillizas,nodo-problema,enunciado,descargado,https://thales.cica.es/olimpiada2/?q=node/223,fuentes/raw/web-antigua/node-223.html,F0260,,,22282,
F0269,1996-XII,regional,3,Hexagopiscina,nodo-problema,enunciado,descargado,https://thales.cica.es/olimpiada2/?q=node/224,fuentes/raw/web-antigua/node-224.html,F0260,,,21493,
F0270,1996-XII,regional,3,,imagen,figura,descargado,https://thales.cica.es/olimpiada/EdicionesAnteriores/Regional/piscina.JPG,fuentes/raw/ficheros/1996-XII/piscina.JPG,F0269,,,16922,
F0271,1996-XII,regional,4,La ruleta,nodo-problema,enunciado,descargado,https://thales.cica.es/olimpiada2/?q=node/225,fuentes/raw/web-antigua/node-225.html,F0260,numeros,,21715,
F0272,1996-XII,regional,4,,imagen,figura,descargado,https://thales.cica.es/olimpiada/EdicionesAnteriores/Regional/ruleta.JPG,fuentes/raw/ficheros/1996-XII/ruleta.JPG,F0271,,,20408,
F0273,1996-XII,regional,5,Tráfico urbano,nodo-problema,enunciado,descargado,https://thales.cica.es/olimpiada2/?q=node/226,fuentes/raw/web-antigua/node-226.html,F0260,numeros,,22107,
F0274,1996-XII,regional,5,,imagen,figura,descargado,https://thales.cica.es/olimpiada/EdicionesAnteriores/Regional/trafico.JPG,fuentes/raw/ficheros/1996-XII/trafico.JPG,F0273,,,32084,
F0275,1996-XII,regional,6,Mosaiqueando,nodo-problema,enunciado,descargado,https://thales.cica.es/olimpiada2/?q=node/227,fuentes/raw/web-antigua/node-227.html,F0260,,,21365,
F0276,1996-XII,regional,6,,imagen,figura,descargado,https://thales.cica.es/olimpiada/EdicionesAnteriores/Regional/mosaico.JPG,fuentes/raw/ficheros/1996-XII/mosaico.JPG,F0275,,,22914,
F0277,1996-XII,,,XII Olimpiada Matemática Thales (1996),pagina-edicion,,descargado,https://thales.cica.es/olimpiada2/?q=node/30,fuentes/raw/web-antigua/node-30.html,,,,23050,
F0278,1997-XIII,,,"XIII Olimpiada Matemática Thales (San Fernando, 1997)",pagina-edicion,,descargado,https://olimpiada.saemthales.es/node/28,fuentes/raw/web-actual/node-28.html,,,,46031,
F0279,1997-XIII,provincial,1,Copisteando,nodo-problema,enunciado,descargado,https://thales.cica.es/olimpiada2/?q=node/228,fuentes/raw/web-antigua/node-228.html,F0278,numeros,,21885,
F0280,1997-XIII,provincial,2,Deshojando,nodo-problema,enunciado,descargado,https://thales.cica.es/olimpiada2/?q=node/229,fuentes/raw/web-antigua/node-229.html,F0278,numeros,,21583,
F0281,1997-XIII,provincial,2,,imagen,figura,descargado,https://thales.cica.es/olimpiada/EdicionesAnteriores/Problemas/PERIODICO.JPG,fuentes/raw/ficheros/1997-XIII/PERIODICO.JPG,F0280,,,15509,
F0282,1997-XIII,provincial,3,Pesados amigos,nodo-problema,enunciado,descargado,https://thales.cica.es/olimpiada2/?q=node/230,fuentes/raw/web-antigua/node-230.html,F0278,,,22068,
F0283,1997-XIII,provincial,4,Bólido,nodo-problema,enunciado,descargado,https://thales.cica.es/olimpiada2/?q=node/231,fuentes/raw/web-antigua/node-231.html,F0278,funciones,,21834,
F0284,1997-XIII,provincial,4,,imagen,figura,descargado,https://thales.cica.es/olimpiada/EdicionesAnteriores/Problemas/BOLIDOS.JPG,fuentes/raw/ficheros/1997-XIII/BOLIDOS.JPG,F0283,,,19145,
F0285,1997-XIII,provincial,5,Pedaleando,nodo-problema,enunciado,descargado,https://thales.cica.es/olimpiada2/?q=node/232,fuentes/raw/web-antigua/node-232.html,F0278,,,21314,
F0286,1997-XIII,provincial,6,Hospital,nodo-problema,enunciado,descargado,https://thales.cica.es/olimpiada2/?q=node/233,fuentes/raw/web-antigua/node-233.html,F0278,,,21751,
F0287,1997-XIII,regional,1,Paralelismo,nodo-problema,enunciado,descargado,https://thales.cica.es/olimpiada2/?q=node/234,fuentes/raw/web-antigua/node-234.html,F0278,,,21156,
F0288,1997-XIII,regional,2,¡Vaya pedazo de número!,nodo-problema,enunciado,descargado,https://thales.cica.es/olimpiada2/?q=node/235,fuentes/raw/web-antigua/node-235.html,F0278,numeros,,21415,
F0289,1997-XIII,regional,3,El paseo independiente,nodo-problema,enunciado,descargado,https://thales.cica.es/olimpiada2/?q=node/236,fuentes/raw/web-antigua/node-236.html,F0278,funciones,,21901,
F0290,1997-XIII,regional,4,Enigmática suma,nodo-problema,enunciado,descargado,https://thales.cica.es/olimpiada2/?q=node/237,fuentes/raw/web-antigua/node-237.html,F0278,numeros,,21746,
F0291,1997-XIII,regional,5,Papeles y más papeles,nodo-problema,enunciado,descargado,https://thales.cica.es/olimpiada2/?q=node/238,fuentes/raw/web-antigua/node-238.html,F0278,,,21454,
F0292,1997-XIII,regional,6,La liguilla,nodo-problema,enunciado,descargado,https://thales.cica.es/olimpiada2/?q=node/239,fuentes/raw/web-antigua/node-239.html,F0278,,,21660,
F0293,1997-XIII,regional,6,,imagen,figura,descargado,https://thales.cica.es/olimpiada/EdicionesAnteriores/Regional/liguilla.JPG,fuentes/raw/ficheros/1997-XIII/liguilla.JPG,F0292,,,20347,
F0294,1997-XIII,,,"XIII Olimpiada Matemática Thales (San Fernando, 1997)",pagina-edicion,,descargado,https://thales.cica.es/olimpiada2/?q=node/28,fuentes/raw/web-antigua/node-28.html,,,,23093,
F0295,1998-XIV,,,"Olimpiada Matemática Thales (San Fernando, 1998)",pagina-edicion,,descargado,https://olimpiada.saemthales.es/node/26,fuentes/raw/web-actual/node-26.html,,,,46044,
F0296,1998-XIV,provincial,1,"Flojos, flojos",nodo-problema,enunciado,descargado,https://thales.cica.es/olimpiada2/?q=node/240,fuentes/raw/web-antigua/node-240.html,F0295,numeros,,21782,
F0297,1998-XIV,provincial,2,Revelaciones,nodo-problema,enunciado,descargado,https://thales.cica.es/olimpiada2/?q=node/241,fuentes/raw/web-antigua/node-241.html,F0295,numeros,,21933,
F0298,1998-XIV,provincial,3,Dados y fracciones,nodo-problema,enunciado,descargado,https://thales.cica.es/olimpiada2/?q=node/242,fuentes/raw/web-antigua/node-242.html,F0295,estadistica,,21733,
F0299,1998-XIV,provincial,4,Ida y vuelta,nodo-problema,enunciado,descargado,https://thales.cica.es/olimpiada2/?q=node/243,fuentes/raw/web-antigua/node-243.html,F0295,,,21499,
F0300,1998-XIV,provincial,5,Para comérselo,nodo-problema,enunciado,descargado,https://thales.cica.es/olimpiada2/?q=node/244,fuentes/raw/web-antigua/node-244.html,F0295,funciones,,21897,
F0301,1998-XIV,provincial,5,,imagen,figura,descargado,https://thales.cica.es/olimpiada/EdicionesAnteriores/Problemas/comerselo.JPG,fuentes/raw/ficheros/1998-XIV/comerselo.JPG,F0300,,,34866,
F0302,1998-XIV,provincial,6,Cuadrilátero particular,nodo-problema,enunciado,descargado,https://thales.cica.es/olimpiada2/?q=node/245,fuentes/raw/web-antigua/node-245.html,F0295,,,21175,
F0303,1998-XIV,regional,1,Entre pinto y Valdemoro,nodo-problema,enunciado,descargado,https://thales.cica.es/olimpiada2/?q=node/246,fuentes/raw/web-antigua/node-246.html,F0295,numeros,,21360,
F0304,1998-XIV,regional,2,Vueltas y vueltas,nodo-problema,enunciado,descargado,https://thales.cica.es/olimpiada2/?q=node/247,fuentes/raw/web-antigua/node-247.html,F0295,,,21256,
F0305,1998-XIV,regional,2,,imagen,figura,descargado,https://thales.cica.es/olimpiada/EdicionesAnteriores/Regional/vueltasvueltas.JPG,fuentes/raw/ficheros/1998-XIV/vueltasvueltas.JPG,F0304,,,30642,
F0306,1998-XIV,regional,3,Las tres ruletas,nodo-problema,enunciado,descargado,https://thales.cica.es/olimpiada2/?q=node/248,fuentes/raw/web-antigua/node-248.html,F0295,estadistica,,21696,
F0307,1998-XIV,regional,3,,imagen,figura,descargado,https://thales.cica.es/olimpiada/EdicionesAnteriores/Regional/tresRuletas.JPG,fuentes/raw/ficheros/1998-XIV/tresRuletas.JPG,F0306,,,38056,
F0308,1998-XIV,regional,4,Carteando,nodo-problema,enunciado,descargado,https://thales.cica.es/olimpiada2/?q=node/249,fuentes/raw/web-antigua/node-249.html,F0295,funciones,,21677,
F0309,1998-XIV,regional,4,,imagen,figura,descargado,https://thales.cica.es/olimpiada/EdicionesAnteriores/Regional/carteando.JPG,fuentes/raw/ficheros/1998-XIV/carteando.JPG,F0308,,,28795,
F0310,1998-XIV,regional,5,Sobresaliente,nodo-problema,enunciado,descargado,https://thales.cica.es/olimpiada2/?q=node/250,fuentes/raw/web-antigua/node-250.html,F0295,,,21392,
F0311,1998-XIV,regional,5,,imagen,figura,descargado,https://thales.cica.es/olimpiada/EdicionesAnteriores/Regional/sobresaliente.JPG,fuentes/raw/ficheros/1998-XIV/sobresaliente.JPG,F0310,,,18849,
F0312,1998-XIV,regional,6,¡Pesado problema!,nodo-problema,enunciado,descargado,https://thales.cica.es/olimpiada2/?q=node/251,fuentes/raw/web-antigua/node-251.html,F0295,,,21090,
F0313,1998-XIV,,,"Olimpiada Matemática Thales (San Fernando, 1998)",pagina-edicion,,descargado,https://thales.cica.es/olimpiada2/?q=node/26,fuentes/raw/web-antigua/node-26.html,,,,23105,
F0314,1999-XV,,,"XV Olimpiada Matemática Thales (Sanlúcar la Mayor, 1999)",pagina-edicion,,descargado,https://olimpiada.saemthales.es/node/24,fuentes/raw/web-actual/node-24.html,,,,46207,
F0315,1999-XV,,,Página Web de la XV edición,htm,?,descargado,https://thales.cica.es/olimpiadas/XV/XVolimpi.htm,fuentes/raw/ficheros/1999-XV/XVolimpi.htm,F0314,,,683,
F0316,1999-XV,provincial,1,La ruleta,nodo-problema,enunciado,descargado,https://thales.cica.es/olimpiada2/?q=node/252,fuentes/raw/web-antigua/node-252.html,F0314,estadistica,,21787,
F0317,1999-XV,provincial,2,"Corre, corre que te pillan",nodo-problema,enunciado,descargado,https://thales.cica.es/olimpiada2/?q=node/253,fuentes/raw/web-antigua/node-253.html,F0314,estadistica,,21617,
F0318,1999-XV,provincial,3,Perímetros,nodo-problema,enunciado,descargado,https://thales.cica.es/olimpiada2/?q=node/254,fuentes/raw/web-antigua/node-254.html,F0314,,,21385,
F0319,1999-XV,provincial,3,,imagen,figura,descargado,https://thales.cica.es/olimpiada/EdicionesAnteriores/Problemas/perimetros.JPG,fuentes/raw/ficheros/1999-XV/perimetros.JPG,F0318,,,3626,
F0320,1999-XV,provincial,4,Un problema con mucho arte,nodo-problema,enunciado,descargado,https://thales.cica.es/olimpiada2/?q=node/255,fuentes/raw/web-antigua/node-255.html,F0314,numeros,,21545,
F0321,1999-XV,provincial,5,La pajarita y la pájara,nodo-problema,enunciado,descargado,https://thales.cica.es/olimpiada2/?q=node/256,fuentes/raw/web-antigua/node-256.html,F0314,,,21581,
F0322,1999-XV,provincial,5,,imagen,figura,descargado,https://thales.cica.es/olimpiada/EdicionesAnteriores/Problemas/pajara.JPG,fuentes/raw/ficheros/1999-XV/pajara.JPG,F0321,,,10687,
F0323,1999-XV,provincial,5,,imagen,figura,descargado,https://thales.cica.es/olimpiada/EdicionesAnteriores/Problemas/pajarita.JPG,fuentes/raw/ficheros/1999-XV/pajarita.JPG,F0321,,,10346,
F0324,1999-XV,provincial,6,Callejeando,nodo-problema,enunciado,descargado,https://thales.cica.es/olimpiada2/?q=node/259,fuentes/raw/web-antigua/node-259.html,F0314,funciones,,22447,
F0325,1999-XV,provincial,6,,imagen,figura,descargado,https://thales.cica.es/olimpiada/EdicionesAnteriores/Problemas/callejeando.JPG,fuentes/raw/ficheros/1999-XV/callejeando.JPG,F0324,,,10516,
F0326,1999-XV,regional,1,Números electrónicos,nodo-problema,enunciado,descargado,https://thales.cica.es/olimpiada2/?q=node/260,fuentes/raw/web-antigua/node-260.html,F0314,numeros,,21707,
F0327,1999-XV,regional,2,¡Que venga el euro!,nodo-problema,enunciado,descargado,https://thales.cica.es/olimpiada2/?q=node/261,fuentes/raw/web-antigua/node-261.html,F0314,numeros,,21807,
F0328,1999-XV,regional,3,¡Refrescante solidaridad!,nodo-problema,enunciado,descargado,https://thales.cica.es/olimpiada2/?q=node/262,fuentes/raw/web-antigua/node-262.html,F0314,numeros,,21604,
F0329,1999-XV,regional,4,Destrozo de un polígono,nodo-problema,enunciado,descargado,https://thales.cica.es/olimpiada2/?q=node/263,fuentes/raw/web-antigua/node-263.html,F0314,,,21403,
F0330,1999-XV,regional,4,,imagen,figura,descargado,https://thales.cica.es/olimpiada/EdicionesAnteriores/Regional/poligonos.JPG,fuentes/raw/ficheros/1999-XV/poligonos.JPG,F0329,,,25302,
F0331,1999-XV,regional,5,¿Esperas carta?,nodo-problema,enunciado,descargado,https://thales.cica.es/olimpiada2/?q=node/264,fuentes/raw/web-antigua/node-264.html,F0314,estadistica,,21471,
F0332,1999-XV,regional,6,La pandilla que bota y rebota,nodo-problema,enunciado,descargado,https://thales.cica.es/olimpiada2/?q=node/265,fuentes/raw/web-antigua/node-265.html,F0314,numeros estadistica,,21876,
F0333,1999-XV,,,"XV Olimpiada Matemática Thales (Sanlúcar la Mayor, 1999)",pagina-edicion,,descargado,https://thales.cica.es/olimpiada2/?q=node/24,fuentes/raw/web-antigua/node-24.html,,,,23267,
F0334,2000-XVI,,,"XVI Olimpiada Matemática Thales (Úbeda-Baeza, 2000)",pagina-edicion,,descargado,https://olimpiada.saemthales.es/node/22,fuentes/raw/web-actual/node-22.html,,,,47493,
F0335,2000-XVI,provincial,1,Melocotones de Periana,nodo-problema,enunciado,descargado,https://thales.cica.es/olimpiada2/?q=node/266,fuentes/raw/web-antigua/node-266.html,F0334,numeros,,21849,
F0336,2000-XVI,provincial,2,"Sobre la fecha de nacimiento del gran diestro cordobés ""Manolete""",nodo-problema,enunciado,descargado,https://thales.cica.es/olimpiada2/?q=node/267,fuentes/raw/web-antigua/node-267.html,F0334,numeros,,21640,
F0337,2000-XVI,provincial,3,Un auténtico laberinto,nodo-problema,enunciado,descargado,https://thales.cica.es/olimpiada2/?q=node/268,fuentes/raw/web-antigua/node-268.html,F0334,numeros estadistica,,21872,
F0338,2000-XVI,provincial,3,,imagen,figura,descargado,https://thales.cica.es/olimpiada/EdicionesAnteriores/Problemas/laberinto.JPG,fuentes/raw/ficheros/2000-XVI/laberinto.JPG,F0337,,,7162,
F0339,2000-XVI,provincial,4,¡Qué cruz!,nodo-problema,enunciado,descargado,https://thales.cica.es/olimpiada2/?q=node/269,fuentes/raw/web-antigua/node-269.html,F0334,,,21279,
F0340,2000-XVI,provincial,4,,imagen,figura,descargado,https://thales.cica.es/olimpiada/EdicionesAnteriores/Problemas/cruz.JPG,fuentes/raw/ficheros/2000-XVI/cruz.JPG,F0339,,,4636,
F0341,2000-XVI,provincial,5,"Cuadrados, cuadrados, cuadrados",nodo-problema,enunciado,descargado,https://thales.cica.es/olimpiada2/?q=node/270,fuentes/raw/web-antigua/node-270.html,F0334,,,21448,
F0342,2000-XVI,provincial,5,,imagen,figura,descargado,https://thales.cica.es/olimpiada/EdicionesAnteriores/Problemas/cuadrados.JPG,fuentes/raw/ficheros/2000-XVI/cuadrados.JPG,F0341,,,32594,
F0343,2000-XVI,provincial,6,Tocado... Hundido,nodo-problema,enunciado,descargado,https://thales.cica.es/olimpiada2/?q=node/271,fuentes/raw/web-antigua/node-271.html,F0334,,,22847,
F0344,2000-XVI,regional,1,¡Vaya tomate!,nodo-problema,enunciado,descargado,https://thales.cica.es/olimpiada2/?q=node/272,fuentes/raw/web-antigua/node-272.html,F0334,numeros,,21710,
F0345,2000-XVI,regional,2,Bordeando,nodo-problema,enunciado,descargado,https://thales.cica.es/olimpiada2/?q=node/273,fuentes/raw/web-antigua/node-273.html,F0334,,,21377,
F0346,2000-XVI,regional,2,,imagen,figura,descargado,https://thales.cica.es/olimpiada/EdicionesAnteriores/Regional/bordeando.JPG,fuentes/raw/ficheros/2000-XVI/bordeando.JPG,F0345,,,27926,
F0347,2000-XVI,regional,3,¡Qué lío!,nodo-problema,enunciado,descargado,https://thales.cica.es/olimpiada2/?q=node/274,fuentes/raw/web-antigua/node-274.html,F0334,,,21463,
F0348,2000-XVI,regional,4,Apostando a los reyes,nodo-problema,enunciado,descargado,https://thales.cica.es/olimpiada2/?q=node/275,fuentes/raw/web-antigua/node-275.html,F0334,estadistica,,21508,
F0349,2000-XVI,regional,5,El campeonato de ajedrez,nodo-problema,enunciado,descargado,https://thales.cica.es/olimpiada2/?q=node/276,fuentes/raw/web-antigua/node-276.html,F0334,,,21553,
F0350,2000-XVI,regional,6,Pesado problema,nodo-problema,enunciado,descargado,https://thales.cica.es/olimpiada2/?q=node/277,fuentes/raw/web-antigua/node-277.html,F0334,numeros,,21509,
F0351,2000-XVI,regional,7,¿Sumas o restas?,nodo-problema,enunciado,descargado,https://thales.cica.es/olimpiada2/?q=node/278,fuentes/raw/web-antigua/node-278.html,F0334,numeros,,21376,
F0352,2000-XVI,,,XVI OMT: Comité organizador,nodo,,descargado,https://thales.cica.es/olimpiada2/?q=node/285,fuentes/raw/web-antigua/node-285.html,F0334,,,22506,
F0353,2000-XVI,,,"XVI Olimpiada Matemática Thales (Úbeda-Baeza, 2000)",pagina-edicion,,descargado,https://thales.cica.es/olimpiada2/?q=node/22,fuentes/raw/web-antigua/node-22.html,,,,24547,
F0354,2001-XVII,,,"XVII Olimpiada Matemática Thales (Huelva, 2001)",pagina-edicion,,descargado,https://olimpiada.saemthales.es/node/20,fuentes/raw/web-actual/node-20.html,,,,47258,
F0355,2001-XVII,provincial,1,Ha nacido el euro,nodo-problema,enunciado,descargado,https://thales.cica.es/olimpiada2/?q=node/279,fuentes/raw/web-antigua/node-279.html,F0354,numeros,,22320,
F0356,2001-XVII,provincial,2,Casualidades de la vida,nodo-problema,enunciado,descargado,https://thales.cica.es/olimpiada2/?q=node/280,fuentes/raw/web-antigua/node-280.html,F0354,numeros,,21871,
F0357,2001-XVII,provincial,3,El mosquito Pepito,nodo-problema,enunciado,descargado,https://thales.cica.es/olimpiada2/?q=node/281,fuentes/raw/web-antigua/node-281.html,F0354,,,21853,
F0358,2001-XVII,provincial,3,,imagen,figura,descargado,https://thales.cica.es/olimpiada/EdicionesAnteriores/Problemas/amor.JPG,fuentes/raw/ficheros/2001-XVII/amor.JPG,F0357,,,5699,
F0359,2001-XVII,provincial,3,,imagen,figura,descargado,https://thales.cica.es/olimpiada/Matelandia/MosquitoPepito.gif,fuentes/raw/ficheros/2001-XVII/MosquitoPepito.gif,F0357,,,13988,
F0360,2001-XVII,provincial,3,,imagen,figura,descargado,https://thales.cica.es/olimpiada/Matelandia/MosquitaMelinda.gif,fuentes/raw/ficheros/2001-XVII/MosquitaMelinda.gif,F0357,,,2028,
F0361,2001-XVII,provincial,4,Los tres amigos,nodo-problema,enunciado,descargado,https://thales.cica.es/olimpiada2/?q=node/282,fuentes/raw/web-antigua/node-282.html,F0354,,,21757,
F0362,2001-XVII,provincial,5,"El próximo, un bajo",nodo-problema,enunciado,descargado,https://thales.cica.es/olimpiada2/?q=node/283,fuentes/raw/web-antigua/node-283.html,F0354,,,22681,
F0363,2001-XVII,provincial,6,Bonito trapecio,nodo-problema,enunciado,descargado,https://thales.cica.es/olimpiada2/?q=node/284,fuentes/raw/web-antigua/node-284.html,F0354,,,21672,
F0364,2001-XVII,regional,1,Los cuatro primos,nodo-problema,enunciado,descargado,https://thales.cica.es/olimpiada2/?q=node/288,fuentes/raw/web-antigua/node-288.html,F0354,numeros,,21490,
F0365,2001-XVII,regional,2,Casi un cuadrado,nodo-problema,enunciado,descargado,https://thales.cica.es/olimpiada2/?q=node/289,fuentes/raw/web-antigua/node-289.html,F0354,,,21432,
F0366,2001-XVII,regional,2,,imagen,figura,descargado,https://thales.cica.es/olimpiada/EdicionesAnteriores/Regional/casicuadrado.JPG,fuentes/raw/ficheros/2001-XVII/casicuadrado.JPG,F0365,,,22194,
F0367,2001-XVII,regional,3,,nodo-problema,enunciado,descargado,https://thales.cica.es/olimpiada2/?q=node/290,fuentes/raw/web-antigua/node-290.html,F0354,,,21277,
F0368,2001-XVII,regional,3,,imagen,figura,descargado,https://thales.cica.es/olimpiada/EdicionesAnteriores/Regional/angulostriang.JPG,fuentes/raw/ficheros/2001-XVII/angulostriang.JPG,F0367,,,20961,
F0369,2001-XVII,regional,4,Empresarios cordobeses,nodo-problema,enunciado,descargado,https://thales.cica.es/olimpiada2/?q=node/291,fuentes/raw/web-antigua/node-291.html,F0354,,,21490,
F0370,2001-XVII,regional,5,"Esta ""calcu"" no sirve",nodo-problema,enunciado,descargado,https://thales.cica.es/olimpiada2/?q=node/292,fuentes/raw/web-antigua/node-292.html,F0354,numeros,,21589,
F0371,2001-XVII,regional,6,¡Agua! Un bien natural escaso,nodo-problema,enunciado,descargado,https://thales.cica.es/olimpiada2/?q=node/293,fuentes/raw/web-antigua/node-293.html,F0354,numeros,,21910,
F0372,2001-XVII,,,XVII OMT: Comité organizador.,nodo,,descargado,https://thales.cica.es/olimpiada2/?q=node/286,fuentes/raw/web-antigua/node-286.html,F0354,,,22072,
F0374,2001-XVII,,,XVII OMT: Programa de la fase regional,nodo,,descargado,https://thales.cica.es/olimpiada2/?q=node/287,fuentes/raw/web-antigua/node-287.html,F0354,,,22809,
F0375,2001-XVII,,,"XVII Olimpiada Matemática Thales (Huelva, 2001)",pagina-edicion,,descargado,https://thales.cica.es/olimpiada2/?q=node/20,fuentes/raw/web-antigua/node-20.html,,,,24308,
F0376,2002-XVIII,,,"XVIII Olimpiada Matemática Thales (Córdoba, 2002)",pagina-edicion,,descargado,https://olimpiada.saemthales.es/node/18,fuentes/raw/web-actual/node-18.html,,,,46064,
F0377,2002-XVIII,provincial,1,"Califa, el perro guardián",nodo-problema,enunciado,descargado,https://thales.cica.es/olimpiada2/?q=node/295,fuentes/raw/web-antigua/node-295.html,F0376,,,21975,
F0378,2002-XVIII,provincial,2,¿Te cuadra?,nodo-problema,enunciado,descargado,https://thales.cica.es/olimpiada2/?q=node/296,fuentes/raw/web-antigua/node-296.html,F0376,numeros,,21670,
F0379,2002-XVIII,provincial,3,¡Terroristas no!,nodo-problema,enunciado,descargado,https://thales.cica.es/olimpiada2/?q=node/297,fuentes/raw/web-antigua/node-297.html,F0376,numeros,,22231,
F0380,2002-XVIII,provincial,4,Amor imposible,nodo-problema,enunciado,descargado,https://thales.cica.es/olimpiada2/?q=node/298,fuentes/raw/web-antigua/node-298.html,F0376,numeros,,22106,
F0381,2002-XVIII,provincial,5,El tirador atrevido,nodo-problema,enunciado,descargado,https://thales.cica.es/olimpiada2/?q=node/300,fuentes/raw/web-antigua/node-300.html,F0376,numeros,,23679,
F0382,2002-XVIII,provincial,6,En Matelandia,nodo-problema,enunciado,descargado,https://thales.cica.es/olimpiada2/?q=node/301,fuentes/raw/web-antigua/node-301.html,F0376,numeros,,21606,
F0383,2002-XVIII,regional,1,¿Dominas el dominó?,nodo-problema,enunciado,descargado,https://thales.cica.es/olimpiada2/?q=node/302,fuentes/raw/web-antigua/node-302.html,F0376,numeros,,21878,
F0384,2002-XVIII,regional,1,,imagen,figura,descargado,https://thales.cica.es/olimpiada/EdicionesAnteriores/Regional/dominasdomino1.JPG,fuentes/raw/ficheros/2002-XVIII/dominasdomino1.JPG,F0383,,,24735,
F0385,2002-XVIII,regional,1,,imagen,figura,descargado,https://thales.cica.es/olimpiada/EdicionesAnteriores/Regional/dominasdomino2.JPG,fuentes/raw/ficheros/2002-XVIII/dominasdomino2.JPG,F0383,,,22994,
F0386,2002-XVIII,regional,2,Extraña proporción,nodo-problema,enunciado,descargado,https://thales.cica.es/olimpiada2/?q=node/303,fuentes/raw/web-antigua/node-303.html,F0376,,,21529,
F0387,2002-XVIII,regional,2,,imagen,figura,descargado,https://thales.cica.es/olimpiada/EdicionesAnteriores/Regional/extrproporc.JPG,fuentes/raw/ficheros/2002-XVIII/extrproporc.JPG,F0386,,,24736,
F0388,2002-XVIII,regional,3,Chateando en la red,nodo-problema,enunciado,descargado,https://thales.cica.es/olimpiada2/?q=node/304,fuentes/raw/web-antigua/node-304.html,F0376,numeros,,21922,
F0389,2002-XVIII,regional,4,Todos al cine,nodo-problema,enunciado,descargado,https://thales.cica.es/olimpiada2/?q=node/305,fuentes/raw/web-antigua/node-305.html,F0376,numeros estadistica,,22285,
F0390,2002-XVIII,regional,5,Extraña recompensa,nodo-problema,enunciado,descargado,https://thales.cica.es/olimpiada2/?q=node/306,fuentes/raw/web-antigua/node-306.html,F0376,numeros,,22062,
F0391,2002-XVIII,regional,5,,imagen,figura,descargado,https://thales.cica.es/olimpiada2/files/active/0/831_large.gif,fuentes/raw/ficheros/2002-XVIII/831_large.gif,F0390,,,10614,
F0392,2002-XVIII,regional,5,,imagen,figura,descargado,https://thales.cica.es/olimpiada2/files/active/0/814_large.gif,fuentes/raw/ficheros/2002-XVIII/814_large.gif,F0390,,,23756,
F0393,2002-XVIII,regional,6,Buen reparto,nodo-problema,enunciado,descargado,https://thales.cica.es/olimpiada2/?q=node/307,fuentes/raw/web-antigua/node-307.html,F0376,,,21615,
F0394,2002-XVIII,,,"XVIII Olimpiada Matemática Thales (Córdoba, 2002)",pagina-edicion,,descargado,https://thales.cica.es/olimpiada2/?q=node/18,fuentes/raw/web-antigua/node-18.html,,,,23126,
F0395,2003-XIX,,,"XIX Olimpiada Matemática Thales (Granada, 2003)",pagina-edicion,,descargado,https://olimpiada.saemthales.es/node/16,fuentes/raw/web-actual/node-16.html,,,,47894,
F0396,2003-XIX,provincial,1,Dobleces,nodo-problema,enunciado,descargado,https://thales.cica.es/olimpiada2/?q=node/308,fuentes/raw/web-antigua/node-308.html,F0395,,,24163,
F0397,2003-XIX,provincial,1,,imagen,figura,descargado,https://thales.cica.es/olimpiada2/files/images/xxiSevilla.preview.jpg,fuentes/raw/ficheros/2003-XIX/xxiSevilla.preview.jpg,F0396,,,44912,
F0398,2003-XIX,provincial,1,Resolución en PowerPoint,zip,solucion,descargado,https://thales.cica.es/olimpiada2/files/191pr.zip,fuentes/raw/ficheros/2003-XIX/191pr.zip,F0395,,,111084,
F0399,2003-XIX,provincial,1,Resolución en PowerPoint,pps,solucion,descomprimido,https://thales.cica.es/olimpiada2/files/191pr.zip#191c.pps,fuentes/raw/ficheros/2003-XIX/191pr/191c.pps,F0398,,,499200,
F0400,2003-XIX,provincial,2,"El gran concierto de ""División Triunfo""",nodo-problema,enunciado,descargado,https://thales.cica.es/olimpiada2/?q=node/309,fuentes/raw/web-antigua/node-309.html,F0395,estadistica,,22749,
F0401,2003-XIX,provincial,3,Carambolas,nodo-problema,enunciado,descargado,https://thales.cica.es/olimpiada2/?q=node/310,fuentes/raw/web-antigua/node-310.html,F0395,,,22431,
F0402,2003-XIX,provincial,3,,imagen,figura,descargado,https://thales.cica.es/olimpiada/EdicionesAnteriores/Problemas/P3.JPG,fuentes/raw/ficheros/2003-XIX/P3.JPG,F0401,,,14183,
F0403,2003-XIX,provincial,4,Los hermanos golosos,nodo-problema,enunciado,descargado,https://thales.cica.es/olimpiada2/?q=node/311,fuentes/raw/web-antigua/node-311.html,F0395,numeros,,24005,
F0404,2003-XIX,provincial,4,,imagen,figura,descargado,https://thales.cica.es/olimpiada2/files/images/AbueloPinto_1.gif,fuentes/raw/ficheros/2003-XIX/AbueloPinto_1.gif,F0403,,,2941,
F0405,2003-XIX,provincial,4,194pr.zip,zip,?,descargado,https://thales.cica.es/olimpiada2/files/194pr.zip,fuentes/raw/ficheros/2003-XIX/194pr.zip,F0403,,,733848,
F0406,2003-XIX,provincial,4,194pr.zip,pps,?,descomprimido,https://thales.cica.es/olimpiada2/files/194pr.zip#194c.pps,fuentes/raw/ficheros/2003-XIX/194pr/194c.pps,F0405,,,4530176,
F0407,2003-XIX,provincial,5,Primos y primos,nodo-problema,enunciado,descargado,https://thales.cica.es/olimpiada2/?q=node/312,fuentes/raw/web-antigua/node-312.html,F0395,numeros,,23759,
F0408,2003-XIX,provincial,5,195pr.zip,zip,?,descargado,https://thales.cica.es/olimpiada2/files/195pr.zip,fuentes/raw/ficheros/2003-XIX/195pr.zip,F0407,,,560682,
F0409,2003-XIX,provincial,5,195pr.zip,exe,?,descomprimido,https://thales.cica.es/olimpiada2/files/195pr.zip#195p.exe,fuentes/raw/ficheros/2003-XIX/195pr/195p.exe,F0408,,,937625,
F0410,2003-XIX,provincial,6,Todos a Granada,nodo-problema,enunciado,descargado,https://thales.cica.es/olimpiada2/?q=node/313,fuentes/raw/web-antigua/node-313.html,F0395,,,22713,
F0411,2003-XIX,provincial,6,196pr.zip,zip,?,descargado,https://thales.cica.es/olimpiada2/files/196pr.zip,fuentes/raw/ficheros/2003-XIX/196pr.zip,F0410,,,596976,
F0412,2003-XIX,provincial,6,196pr.zip,exe,?,descomprimido,https://thales.cica.es/olimpiada2/files/196pr.zip#196p.exe,fuentes/raw/ficheros/2003-XIX/196pr/196p.exe,F0411,,,976276,
F0413,2003-XIX,regional,1,Apaga y vámonos,nodo-problema,enunciado,descargado,https://thales.cica.es/olimpiada2/?q=node/314,fuentes/raw/web-antigua/node-314.html,F0395,,,22412,
F0414,2003-XIX,regional,1,191r.zip,zip,?,descargado,https://thales.cica.es/olimpiada2/files/191r.zip,fuentes/raw/ficheros/2003-XIX/191r.zip,F0413,,,450603,
F0415,2003-XIX,regional,1,191r.zip,pps,?,descomprimido,https://thales.cica.es/olimpiada2/files/191r.zip#191r.pps,fuentes/raw/ficheros/2003-XIX/191r/191r.pps,F0414,,,4316672,
F0416,2003-XIX,regional,2,Bandazos,nodo-problema,enunciado,descargado,https://thales.cica.es/olimpiada2/?q=node/315,fuentes/raw/web-antigua/node-315.html,F0395,,,23069,
F0417,2003-XIX,regional,2,192r.zip,zip,?,descargado,https://thales.cica.es/olimpiada2/files/192r.zip,fuentes/raw/ficheros/2003-XIX/192r.zip,F0416,,,605766,
F0418,2003-XIX,regional,2,192r.zip,exe,?,descomprimido,https://thales.cica.es/olimpiada2/files/192r.zip#192r.exe,fuentes/raw/ficheros/2003-XIX/192r/192r.exe,F0417,,,986165,
F0419,2003-XIX,regional,3,Las ranas saltarinas,nodo-problema,enunciado,descargado,https://thales.cica.es/olimpiada2/?q=node/316,fuentes/raw/web-antigua/node-316.html,F0395,,,22482,
F0420,2003-XIX,regional,3,,imagen,figura,descargado,https://thales.cica.es/olimpiada/EdicionesAnteriores/Regional/ranas.JPG,fuentes/raw/ficheros/2003-XIX/ranas.JPG,F0419,,,25547,
F0421,2003-XIX,regional,3,193c.zip,zip,?,descargado,https://thales.cica.es/olimpiada2/files/193c.zip,fuentes/raw/ficheros/2003-XIX/193c.zip,F0419,,,874750,
F0422,2003-XIX,regional,3,193c.zip,pps,?,descomprimido,https://thales.cica.es/olimpiada2/files/193c.zip#197c.pps,fuentes/raw/ficheros/2003-XIX/193c/197c.pps,F0421,,,8386048,
F0423,2003-XIX,regional,4,Mala cabeza,nodo-problema,enunciado,descargado,https://thales.cica.es/olimpiada2/?q=node/317,fuentes/raw/web-antigua/node-317.html,F0395,numeros,,22565,
F0424,2003-XIX,regional,4,194r.zip,zip,?,descargado,https://thales.cica.es/olimpiada2/files/194r.zip,fuentes/raw/ficheros/2003-XIX/194r.zip,F0423,,,151123,
F0425,2003-XIX,regional,4,194r.zip,pps,?,descomprimido,https://thales.cica.es/olimpiada2/files/194r.zip#194r.pps,fuentes/raw/ficheros/2003-XIX/194r/194r.pps,F0424,,,442880,
F0426,2003-XIX,regional,5,¡Vaya tarea!,nodo-problema,enunciado,descargado,https://thales.cica.es/olimpiada2/?q=node/318,fuentes/raw/web-antigua/node-318.html,F0395,numeros,,22898,
F0427,2003-XIX,regional,5,,imagen,figura,descargado,https://thales.cica.es/olimpiada/EdicionesAnteriores/Regional/tarea.JPG,fuentes/raw/ficheros/2003-XIX/tarea.JPG,F0426,,,16083,
F0428,2003-XIX,regional,5,195r.zip,zip,?,descargado,https://thales.cica.es/olimpiada2/files/195r.zip,fuentes/raw/ficheros/2003-XIX/195r.zip,F0426,,,230504,
F0429,2003-XIX,regional,5,195r.zip,pps,?,descomprimido,https://thales.cica.es/olimpiada2/files/195r.zip#195r.pps,fuentes/raw/ficheros/2003-XIX/195r/195r.pps,F0428,,,940032,
F0430,2003-XIX,regional,6,¡Al agua patos!,nodo-problema,enunciado,descargado,https://thales.cica.es/olimpiada2/?q=node/319,fuentes/raw/web-antigua/node-319.html,F0395,,,23210,
F0431,2003-XIX,regional,6,,imagen,figura,descargado,https://thales.cica.es/olimpiada/EdicionesAnteriores/Regional/patos.JPG,fuentes/raw/ficheros/2003-XIX/patos.JPG,F0430,,,52420,
F0432,2003-XIX,regional,6,196r.zip,zip,?,descargado,https://thales.cica.es/olimpiada2/files/196r.zip,fuentes/raw/ficheros/2003-XIX/196r.zip,F0430,,,841906,
F0433,2003-XIX,regional,6,196r.zip,exe,?,descomprimido,https://thales.cica.es/olimpiada2/files/196r.zip#196r.exe,fuentes/raw/ficheros/2003-XIX/196r/196r.exe,F0432,,,1221342,
F0434,2003-XIX,,,"XIX Olimpiada Matemática Thales (Granada, 2003)",pagina-edicion,,descargado,https://thales.cica.es/olimpiada2/?q=node/16,fuentes/raw/web-antigua/node-16.html,,,,25193,
F0435,2004-XX,,,"XX Olimpiada Matemática Thales (Roquetas de Mar, 2004)",pagina-edicion,,descargado,https://olimpiada.saemthales.es/node/14,fuentes/raw/web-actual/node-14.html,,,,48360,
F0436,2004-XX,provincial,1,El pequeño Chouitín,nodo-problema,enunciado,descargado,https://thales.cica.es/olimpiada2/?q=node/320,fuentes/raw/web-antigua/node-320.html,F0435,,,22559,
F0437,2004-XX,provincial,1,,imagen,figura,descargado,https://thales.cica.es/olimpiada2/files/active/0/785_large.gif,fuentes/raw/ficheros/2004-XX/785_large.gif,F0436,,,16243,
F0438,2004-XX,provincial,1,,imagen,figura,descargado,https://thales.cica.es/olimpiada/EdicionesAnteriores/Problemas/choutin.JPG,fuentes/raw/ficheros/2004-XX/choutin.JPG,F0436,,,7627,
F0439,2004-XX,provincial,1,201p.zip,zip,?,descargado,https://thales.cica.es/olimpiada2/files/201p.zip,fuentes/raw/ficheros/2004-XX/201p.zip,F0436,,,337002,
F0440,2004-XX,provincial,1,201p.zip,pps,?,descomprimido,https://thales.cica.es/olimpiada2/files/201p.zip#201p.pps,fuentes/raw/ficheros/2004-XX/201p/201p.pps,F0439,,,1026048,
F0441,2004-XX,provincial,2,"Hola Chat, hola Chatín",nodo-problema,enunciado,descargado,https://thales.cica.es/olimpiada2/?q=node/321,fuentes/raw/web-antigua/node-321.html,F0435,numeros,,22741,
F0442,2004-XX,provincial,2,,imagen,figura,descargado,https://thales.cica.es/olimpiada/EdicionesAnteriores/Problemas/llamada.JPG,fuentes/raw/ficheros/2004-XX/llamada.JPG,F0441,,,9159,
F0443,2004-XX,provincial,2,202p.zip,zip,?,descargado,https://thales.cica.es/olimpiada2/files/202p.zip,fuentes/raw/ficheros/2004-XX/202p.zip,F0441,,,104324,
F0444,2004-XX,provincial,2,202p.zip,pps,?,descomprimido,https://thales.cica.es/olimpiada2/files/202p.zip#202p.pps,fuentes/raw/ficheros/2004-XX/202p/202p.pps,F0443,,,727040,
F0445,2004-XX,provincial,3,Tina atina,nodo-problema,enunciado,descargado,https://thales.cica.es/olimpiada2/?q=node/322,fuentes/raw/web-antigua/node-322.html,F0435,funciones,,22248,
F0446,2004-XX,provincial,4,El pirata Garrapata,nodo-problema,enunciado,descargado,https://thales.cica.es/olimpiada2/?q=node/323,fuentes/raw/web-antigua/node-323.html,F0435,,,22658,
F0447,2004-XX,provincial,4,,imagen,figura,descargado,https://thales.cica.es/olimpiada/EdicionesAnteriores/Problemas/pirata.JPG,fuentes/raw/ficheros/2004-XX/pirata.JPG,F0446,,,7270,
F0448,2004-XX,provincial,4,204p.zip,zip,?,descargado,https://thales.cica.es/olimpiada2/files/204p.zip,fuentes/raw/ficheros/2004-XX/204p.zip,F0446,,,157931,
F0449,2004-XX,provincial,4,204p.zip,pps,?,descomprimido,https://thales.cica.es/olimpiada2/files/204p.zip#204p.pps,fuentes/raw/ficheros/2004-XX/204p/204p.pps,F0448,,,734720,
F0450,2004-XX,provincial,5,Rima rimando,nodo-problema,enunciado,descargado,https://thales.cica.es/olimpiada2/?q=node/324,fuentes/raw/web-antigua/node-324.html,F0435,estadistica,,22748,
F0451,2004-XX,provincial,5,205p.zip,zip,?,descargado,https://thales.cica.es/olimpiada2/files/205p.zip,fuentes/raw/ficheros/2004-XX/205p.zip,F0450,,,460631,
F0452,2004-XX,provincial,5,205p.zip,pps,?,descomprimido,https://thales.cica.es/olimpiada2/files/205p.zip#205p.pps,fuentes/raw/ficheros/2004-XX/205p/205p.pps,F0451,,,1579520,
F0453,2004-XX,provincial,6,Cumpleaño enigmático,nodo-problema,enunciado,descargado,https://thales.cica.es/olimpiada2/?q=node/325,fuentes/raw/web-antigua/node-325.html,F0435,,,22217,
F0454,2004-XX,provincial,6,206p.zip,zip,?,descargado,https://thales.cica.es/olimpiada2/files/206p.zip,fuentes/raw/ficheros/2004-XX/206p.zip,F0453,,,169443,
F0455,2004-XX,provincial,6,206p.zip,pps,?,descomprimido,https://thales.cica.es/olimpiada2/files/206p.zip#206p.pps,fuentes/raw/ficheros/2004-XX/206p/206p.pps,F0454,,,1271296,
F0456,2004-XX,regional,1,Baldomero el camionero,nodo-problema,enunciado,descargado,https://thales.cica.es/olimpiada2/?q=node/326,fuentes/raw/web-antigua/node-326.html,F0435,,,22687,
F0457,2004-XX,regional,1,,imagen,figura,descargado,https://thales.cica.es/olimpiada/Matelandia/Baldomero.gif,fuentes/raw/ficheros/2004-XX/Baldomero.gif,F0456,,,8655,
F0458,2004-XX,regional,1,201c.zip,zip,?,descargado,https://thales.cica.es/olimpiada2/files/201c.zip,fuentes/raw/ficheros/2004-XX/201c.zip,F0456,,,147611,
F0459,2004-XX,regional,1,201c.zip,pps,?,descomprimido,https://thales.cica.es/olimpiada2/files/201c.zip#201c.pps,fuentes/raw/ficheros/2004-XX/201c/201c.pps,F0458,,,669184,
F0460,2004-XX,regional,2,¡Suerte y al rectángulo!,nodo-problema,enunciado,descargado,https://thales.cica.es/olimpiada2/?q=node/327,fuentes/raw/web-antigua/node-327.html,F0435,estadistica,,22608,
F0461,2004-XX,regional,2,,imagen,figura,descargado,https://thales.cica.es/olimpiada/Matelandia/CurritoObtus.gif,fuentes/raw/ficheros/2004-XX/CurritoObtus.gif,F0460,,,11060,
F0462,2004-XX,regional,2,,imagen,figura,descargado,https://thales.cica.es/olimpiada/Matelandia/NinoCateto.gif,fuentes/raw/ficheros/2004-XX/NinoCateto.gif,F0460,,,6434,
F0463,2004-XX,regional,2,,imagen,figura,descargado,https://thales.cica.es/olimpiada/Matelandia/NinaHipotenusa.gif,fuentes/raw/ficheros/2004-XX/NinaHipotenusa.gif,F0460,,,5247,
F0464,2004-XX,regional,3,ECREWRD GR EWCHVCHQ HG QTEG,nodo-problema,enunciado,descargado,https://thales.cica.es/olimpiada2/?q=node/328,fuentes/raw/web-antigua/node-328.html,F0435,,,22380,
F0465,2004-XX,regional,3,,imagen,figura,descargado,https://thales.cica.es/olimpiada/EdicionesAnteriores/Regional/abuela.JPG,fuentes/raw/ficheros/2004-XX/abuela.JPG,F0464,,,21597,
F0466,2004-XX,regional,4,Invertinumeritis aguda,nodo-problema,enunciado,descargado,https://thales.cica.es/olimpiada2/?q=node/329,fuentes/raw/web-antigua/node-329.html,F0435,numeros,,22850,
F0467,2004-XX,regional,4,,imagen,figura,descargado,https://thales.cica.es/olimpiada/Matelandia/PepitoDespistes.gif,fuentes/raw/ficheros/2004-XX/PepitoDespistes.gif,F0466,,,16498,
F0468,2004-XX,regional,4,204c.zip,zip,?,descargado,https://thales.cica.es/olimpiada2/files/204c.zip,fuentes/raw/ficheros/2004-XX/204c.zip,F0466,,,159283,
F0469,2004-XX,regional,4,204c.zip,pps,?,descomprimido,https://thales.cica.es/olimpiada2/files/204c.zip#204c.pps,fuentes/raw/ficheros/2004-XX/204c/204c.pps,F0468,,,816640,
F0470,2004-XX,regional,5,Arquerina y Hexagonín,nodo-problema,enunciado,descargado,https://thales.cica.es/olimpiada2/?q=node/330,fuentes/raw/web-antigua/node-330.html,F0435,,,22090,
F0471,2004-XX,regional,5,,imagen,figura,descargado,https://thales.cica.es/olimpiada/Matelandia/Hexagonin.gif,fuentes/raw/ficheros/2004-XX/Hexagonin.gif,F0470,,,17374,
F0472,2004-XX,regional,5,,imagen,figura,descargado,https://thales.cica.es/olimpiada/Matelandia/Arquerina.gif,fuentes/raw/ficheros/2004-XX/Arquerina.gif,F0470,,,10364,
F0473,2004-XX,regional,6,Arcoiris de números,nodo-problema,enunciado,descargado,https://thales.cica.es/olimpiada2/?q=node/331,fuentes/raw/web-antigua/node-331.html,F0435,numeros,,21839,
F0474,2004-XX,regional,6,,imagen,figura,descargado,https://thales.cica.es/olimpiada/Matelandia/AhoraDime.gif,fuentes/raw/ficheros/2004-XX/AhoraDime.gif,F0473,,,9827,
F0475,2004-XX,regional,6,,imagen,figura,descargado,https://thales.cica.es/olimpiada/EdicionesAnteriores/Regional/arcoiris.JPG,fuentes/raw/ficheros/2004-XX/arcoiris.JPG,F0473,,,34939,
F0476,2004-XX,,,XX OMT: Lista de participantes,nodo,,descargado,https://thales.cica.es/olimpiada2/?q=node/1113,fuentes/raw/web-antigua/node-1113.html,F0435,,,23038,
F0477,2004-XX,,,XX OMT (2004),nodo,otro,descargado,https://thales.cica.es/olimpiada2/?q=node/599,fuentes/raw/web-antigua/node-599.html,F0435,,,20604,álbum de fotos
F0478,2004-XX,provincial,,XXProvincial.pdf,pdf,?,descargado,https://olimpiada.saemthales.es/sites/olimpiada.saemthales.es/files/XXProvincial.pdf,fuentes/raw/ficheros/2004-XX/XXProvincial.pdf,F0435,,,216608,
F0479,2004-XX,,,"XX Olimpiada Matemática Thales (Roquetas de Mar, 2004)",pagina-edicion,,descargado,https://thales.cica.es/olimpiada2/?q=node/14,fuentes/raw/web-antigua/node-14.html,,,,25406,
F0480,2004-XX,provincial,,XXProvincial.pdf,pdf,?,descargado,https://thales.cica.es/olimpiada2/files/XXProvincial.pdf,fuentes/raw/ficheros/2004-XX/XXProvincial.pdf,F0479,,,216608,
F0481,2005-XXI,,,"XXI Olimpiada Matemática Thales (Antequera, 2005)",pagina-edicion,,descargado,https://olimpiada.saemthales.es/node/12,fuentes/raw/web-actual/node-12.html,,,,49019,
F0482,2005-XXI,provincial,1,Caracoleando,nodo-problema,enunciado,descargado,https://thales.cica.es/olimpiada2/?q=node/332,fuentes/raw/web-antigua/node-332.html,F0481,,,23883,
F0483,2005-XXI,provincial,1,21p1.zip,zip,?,descargado,https://thales.cica.es/olimpiada2/files/21p1.zip,fuentes/raw/ficheros/2005-XXI/21p1.zip,F0482,,,32772,
F0484,2005-XXI,provincial,1,21p1.zip,ppt,?,descomprimido,https://thales.cica.es/olimpiada2/files/21p1.zip#21p1.ppt,fuentes/raw/ficheros/2005-XXI/21p1/21p1.ppt,F0483,,,77312,
F0485,2005-XXI,provincial,1,,imagen,figura,descargado,https://thales.cica.es/olimpiada2/files/images/paco%20anillo%20málaga_0.jpg,fuentes/raw/ficheros/2005-XXI/paco anillo málaga_0.jpg,F0482,,,34376,
F0486,2005-XXI,provincial,2,En un lugar de La Mancha,nodo-problema,enunciado,descargado,https://thales.cica.es/olimpiada2/?q=node/333,fuentes/raw/web-antigua/node-333.html,F0481,,,23337,
F0487,2005-XXI,provincial,2,,imagen,figura,descargado,https://thales.cica.es/olimpiada2/files/images/Molino_0.JPG,fuentes/raw/ficheros/2005-XXI/Molino_0.JPG,F0486,,,4114,
F0488,2005-XXI,provincial,2,21p2.zip,zip,?,descargado,https://thales.cica.es/olimpiada2/files/21p2.zip,fuentes/raw/ficheros/2005-XXI/21p2.zip,F0486,,,287254,
F0489,2005-XXI,provincial,2,21p2.zip,ppt,?,descomprimido,https://thales.cica.es/olimpiada2/files/21p2.zip#21p2.ppt,fuentes/raw/ficheros/2005-XXI/21p2/21p2.ppt,F0488,,,561152,
F0490,2005-XXI,provincial,3,¡Qué lío de camisetas!,nodo-problema,enunciado,descargado,https://thales.cica.es/olimpiada2/?q=node/335,fuentes/raw/web-antigua/node-335.html,F0481,,,28247,
F0491,2005-XXI,provincial,3,21p3.zip,zip,?,descargado,https://thales.cica.es/olimpiada2/files/21p3.zip,fuentes/raw/ficheros/2005-XXI/21p3.zip,F0490,,,87965,
F0492,2005-XXI,provincial,3,21p3.zip,ppt,?,descomprimido,https://thales.cica.es/olimpiada2/files/21p3.zip#21p3.ppt,fuentes/raw/ficheros/2005-XXI/21p3/21p3.ppt,F0491,,,440832,
F0493,2005-XXI,provincial,3,,imagen,figura,descargado,https://thales.cica.es/olimpiada2/files/images/Paco%20Aniillo1.preview.JPG,fuentes/raw/ficheros/2005-XXI/Paco Aniillo1.preview.JPG,F0490,,,51145,
F0494,2005-XXI,provincial,3,,imagen,figura,descargado,https://thales.cica.es/olimpiada2/files/images/Paco%20Anillo2.preview.JPG,fuentes/raw/ficheros/2005-XXI/Paco Anillo2.preview.JPG,F0490,,,56085,
F0495,2005-XXI,provincial,3,,imagen,figura,descargado,https://thales.cica.es/olimpiada2/files/images/paco%20anillo%20jaenEjerc3(pag.1).preview.gif,fuentes/raw/ficheros/2005-XXI/paco anillo jaenEjerc3(pag.1).preview.gif,F0490,,,71807,
F0496,2005-XXI,provincial,3,,imagen,figura,descargado,https://thales.cica.es/olimpiada2/files/images/paco%20anillo%20jaenEjerc3(pag.2).preview.gif,fuentes/raw/ficheros/2005-XXI/paco anillo jaenEjerc3(pag.2).preview.gif,F0490,,,54853,
F0497,2005-XXI,provincial,3,,imagen,figura,descargado,https://thales.cica.es/olimpiada2/files/images/paco%20anillo%20jaenEjerc3(pag.3).preview.gif,fuentes/raw/ficheros/2005-XXI/paco anillo jaenEjerc3(pag.3).preview.gif,F0490,,,67384,
F0498,2005-XXI,provincial,3,,imagen,figura,error,https://thales.cica.es/olimpiada2/files/images/PA1_0.gif,,F0490,,,,HTTP 404
F0499,2005-XXI,provincial,3,,imagen,figura,descargado,https://thales.cica.es/olimpiada2/files/images/PA2_0.gif,fuentes/raw/ficheros/2005-XXI/PA2_0.gif,F0490,,,41188,recuperado de archive.org: https://web.archive.org/web/20100330225746id_/http://thales.cica.es/olimpiada2/files/images/PA2_0.gif
F0500,2005-XXI,provincial,3,,imagen,figura,descargado,https://thales.cica.es/olimpiada2/files/images/PA3_0.gif,fuentes/raw/ficheros/2005-XXI/PA3_0.gif,F0490,,,31176,
F0501,2005-XXI,provincial,4,Triángulos misteriosos,nodo-problema,enunciado,descargado,https://thales.cica.es/olimpiada2/?q=node/336,fuentes/raw/web-antigua/node-336.html,F0481,,,24053,
F0502,2005-XXI,provincial,4,,imagen,figura,descargado,https://thales.cica.es/olimpiada2/files/images/PacoAnilloGranada.preview.JPG,fuentes/raw/ficheros/2005-XXI/PacoAnilloGranada.preview.JPG,F0501,,,49095,
F0503,2005-XXI,provincial,4,,imagen,figura,descargado,https://thales.cica.es/olimpiada2/files/images/xxiCadiz.preview.JPG,fuentes/raw/ficheros/2005-XXI/xxiCadiz.preview.JPG,F0501,,,37407,
F0504,2005-XXI,provincial,5,Todo es relativo,nodo-problema,enunciado,descargado,https://thales.cica.es/olimpiada2/?q=node/338,fuentes/raw/web-antigua/node-338.html,F0481,,,24316,
F0505,2005-XXI,provincial,5,,imagen,figura,descargado,https://thales.cica.es/olimpiada2/files/images/Libros_0.JPG,fuentes/raw/ficheros/2005-XXI/Libros_0.JPG,F0504,,,14763,
F0506,2005-XXI,provincial,5,,imagen,figura,descargado,https://thales.cica.es/olimpiada2/files/images/premiopacordoba.preview.jpg,fuentes/raw/ficheros/2005-XXI/premiopacordoba.preview.jpg,F0504,,,44860,
F0507,2005-XXI,provincial,5,,imagen,figura,descargado,https://thales.cica.es/olimpiada2/files/images/Almeria05_0.JPG,fuentes/raw/ficheros/2005-XXI/Almeria05_0.JPG,F0504,,,49303,
F0508,2005-XXI,provincial,6,"Urbanización ""Los Grafos""",nodo-problema,enunciado,descargado,https://thales.cica.es/olimpiada2/?q=node/339,fuentes/raw/web-antigua/node-339.html,F0481,,,23470,
F0509,2005-XXI,provincial,6,21p6.zip,zip,?,descargado,https://thales.cica.es/olimpiada2/files/21p6.zip,fuentes/raw/ficheros/2005-XXI/21p6.zip,F0508,,,139607,
F0510,2005-XXI,provincial,6,21p6.zip,ppt,?,descomprimido,https://thales.cica.es/olimpiada2/files/21p6.zip#21p5.ppt,fuentes/raw/ficheros/2005-XXI/21p6/21p5.ppt,F0509,,,390144,
F0511,2005-XXI,regional,1,Aceite por un tubo,nodo-problema,enunciado,descargado,https://thales.cica.es/olimpiada2/?q=node/340,fuentes/raw/web-antigua/node-340.html,F0481,,,22403,
F0512,2005-XXI,regional,1,,imagen,figura,descargado,https://thales.cica.es/olimpiada2/files/images/Aceite_0.JPG,fuentes/raw/ficheros/2005-XXI/Aceite_0.JPG,F0511,,,23230,
F0513,2005-XXI,regional,1,,imagen,figura,descargado,https://thales.cica.es/olimpiada2/modules/file/icons/x-office-presentation.png,fuentes/raw/ficheros/2005-XXI/x-office-presentation.png,F0511,,,181,
F0514,2005-XXI,regional,1,211r.pps,pps,?,descargado,https://thales.cica.es/olimpiada2/files/211r.pps,fuentes/raw/ficheros/2005-XXI/211r.pps,F0511,,,1569280,
F0515,2005-XXI,regional,2,¡Y sólo era un paseo!,nodo-problema,enunciado,descargado,https://thales.cica.es/olimpiada2/?q=node/342,fuentes/raw/web-antigua/node-342.html,F0481,,,22316,
F0516,2005-XXI,regional,2,21r2.zip,zip,?,descargado,https://thales.cica.es/olimpiada2/files/21r2.zip,fuentes/raw/ficheros/2005-XXI/21r2.zip,F0515,,,376892,
F0517,2005-XXI,regional,2,21r2.zip,pps,?,descomprimido,https://thales.cica.es/olimpiada2/files/21r2.zip#21r2.pps,fuentes/raw/ficheros/2005-XXI/21r2/21r2.pps,F0516,,,1776128,
F0518,2005-XXI,regional,3,Cuidado con Ssuag,nodo-problema,enunciado,descargado,https://thales.cica.es/olimpiada2/?q=node/343,fuentes/raw/web-antigua/node-343.html,F0481,,,22719,
F0519,2005-XXI,regional,3,,imagen,figura,descargado,https://thales.cica.es/olimpiada2/files/images/Ssuag_1.gif,fuentes/raw/ficheros/2005-XXI/Ssuag_1.gif,F0518,,,20482,
F0520,2005-XXI,regional,3,213r.pps,pps,?,descargado,https://thales.cica.es/olimpiada2/files/213r.pps,fuentes/raw/ficheros/2005-XXI/213r.pps,F0518,,,434688,
F0521,2005-XXI,regional,4,Aterriza como puedas,nodo-problema,enunciado,descargado,https://thales.cica.es/olimpiada2/?q=node/344,fuentes/raw/web-antigua/node-344.html,F0481,,,21795,
F0522,2005-XXI,regional,5,"Thal, es de Miletos",nodo-problema,enunciado,descargado,https://thales.cica.es/olimpiada2/?q=node/345,fuentes/raw/web-antigua/node-345.html,F0481,,,23319,
F0523,2005-XXI,regional,5,21r5.zip,zip,?,descargado,https://thales.cica.es/olimpiada2/files/21r5.zip,fuentes/raw/ficheros/2005-XXI/21r5.zip,F0522,,,115739,
F0524,2005-XXI,regional,5,21r5.zip,ppt,?,descomprimido,https://thales.cica.es/olimpiada2/files/21r5.zip#21r5.ppt,fuentes/raw/ficheros/2005-XXI/21r5/21r5.ppt,F0523,,,445952,
F0525,2005-XXI,regional,6,Dado quijotesco,nodo-problema,enunciado,descargado,https://thales.cica.es/olimpiada2/?q=node/346,fuentes/raw/web-antigua/node-346.html,F0481,,,21980,
F0526,2005-XXI,regional,6,,imagen,figura,descargado,https://thales.cica.es/olimpiada2/files/images/Dado_0.JPG,fuentes/raw/ficheros/2005-XXI/Dado_0.JPG,F0525,,,12844,
F0527,2005-XXI,,,XXI OMT (2005),nodo,otro,descargado,https://thales.cica.es/olimpiada2/?q=node/551,fuentes/raw/web-antigua/node-551.html,F0481,,,20895,álbum de fotos
F0528,2005-XXI,,,XXI OMT: Estadísticas de participación,nodo,,descargado,https://thales.cica.es/olimpiada2/?q=node/1096,fuentes/raw/web-antigua/node-1096.html,F0481,,,22838,
F0529,2005-XXI,,,XXI OMT: Ganadores provinciales,nodo,,descargado,https://thales.cica.es/olimpiada2/?q=node/1097,fuentes/raw/web-antigua/node-1097.html,F0481,,,27790,
F0530,2005-XXI,provincial,,XXIprovincial.PDF,pdf,?,descargado,https://olimpiada.saemthales.es/sites/olimpiada.saemthales.es/files/XXIprovincial.PDF,fuentes/raw/ficheros/2005-XXI/XXIprovincial.PDF,F0481,,,170251,
F0531,2005-XXI,regional,,XXIregional.PDF,pdf,?,descargado,https://olimpiada.saemthales.es/sites/olimpiada.saemthales.es/files/XXIregional.PDF,fuentes/raw/ficheros/2005-XXI/XXIregional.PDF,F0481,,,140179,
F0532,2005-XXI,,,"XXI Olimpiada Matemática Thales (Antequera, 2005)",pagina-edicion,,descargado,https://thales.cica.es/olimpiada2/?q=node/12,fuentes/raw/web-antigua/node-12.html,,,,26066,
F0533,2005-XXI,provincial,,XXIprovincial.PDF,pdf,?,descargado,https://thales.cica.es/olimpiada2/files/XXIprovincial.PDF,fuentes/raw/ficheros/2005-XXI/XXIprovincial.PDF,F0532,,,170251,
F0534,2005-XXI,regional,,XXIregional.PDF,pdf,?,descargado,https://thales.cica.es/olimpiada2/files/XXIregional.PDF,fuentes/raw/ficheros/2005-XXI/XXIregional.PDF,F0532,,,140179,
F0535,2006-XXII,,,"XXII Olimpiada Matemática Thales (Sevilla, 2006)",pagina-edicion,,descargado,https://olimpiada.saemthales.es/node/9,fuentes/raw/web-actual/node-9.html,,,,50072,
F0536,2006-XXII,provincial,1,¡Qué familia!,nodo-problema,enunciado,descargado,https://thales.cica.es/olimpiada2/?q=node/356,fuentes/raw/web-antigua/node-356.html,F0535,,,22853,
F0537,2006-XXII,provincial,1,ResolucionPowerPoint.pps,pps,solucion,descargado,https://thales.cica.es/olimpiada2/files/ResolucionPowerPoint.pps,fuentes/raw/ficheros/2006-XXII/ResolucionPowerPoint.pps,F0536,,,1299456,
F0538,2006-XXII,provincial,2,Estrellados,nodo-problema,enunciado,descargado,https://thales.cica.es/olimpiada2/?q=node/358,fuentes/raw/web-antigua/node-358.html,F0535,,,28191,
F0539,2006-XXII,provincial,2,,imagen,figura,descargado,https://thales.cica.es/olimpiada2/files/images/Estrellados_0.JPG,fuentes/raw/ficheros/2006-XXII/Estrellados_0.JPG,F0538,,,4707,
F0540,2006-XXII,provincial,2,19p2_ResolucionPowerPoint.zip,zip,solucion,descargado,https://thales.cica.es/olimpiada2/files/19p2_ResolucionPowerPoint.zip,fuentes/raw/ficheros/2006-XXII/19p2_ResolucionPowerPoint.zip,F0538,,,235504,
F0541,2006-XXII,provincial,2,19p2_ResolucionPowerPoint.zip,ppt,solucion,descomprimido,https://thales.cica.es/olimpiada2/files/19p2_ResolucionPowerPoint.zip#Estrellados[1].ppt,fuentes/raw/ficheros/2006-XXII/19p2_ResolucionPowerPoint/Estrellados[1].ppt,F0540,,,695808,
F0542,2006-XXII,provincial,3,Conexiones,nodo-problema,enunciado,descargado,https://thales.cica.es/olimpiada2/?q=node/359,fuentes/raw/web-antigua/node-359.html,F0535,,,69279,
F0543,2006-XXII,provincial,3,,imagen,figura,descargado,https://thales.cica.es/olimpiada2/files/images/Andalucia_0.JPG,fuentes/raw/ficheros/2006-XXII/Andalucia_0.JPG,F0542,,,10553,
F0544,2006-XXII,provincial,3,19p3_ResolucionPowerPoint.zip,zip,solucion,descargado,https://thales.cica.es/olimpiada2/files/19p3_ResolucionPowerPoint.zip,fuentes/raw/ficheros/2006-XXII/19p3_ResolucionPowerPoint.zip,F0542,,,205448,
F0545,2006-XXII,provincial,3,19p3_ResolucionPowerPoint.zip,ppt,solucion,descomprimido,https://thales.cica.es/olimpiada2/files/19p3_ResolucionPowerPoint.zip#Conexiones[1].ppt,fuentes/raw/ficheros/2006-XXII/19p3_ResolucionPowerPoint/Conexiones[1].ppt,F0544,,,1318400,
F0546,2006-XXII,provincial,3,,imagen,figura,descargado,https://thales.cica.es/olimpiada2/files/images/Sevilla1.preview.jpg,fuentes/raw/ficheros/2006-XXII/Sevilla1.preview.jpg,F0542,,,48843,
F0547,2006-XXII,provincial,3,,imagen,figura,descargado,https://thales.cica.es/olimpiada2/files/images/Sevilla2.preview.jpg,fuentes/raw/ficheros/2006-XXII/Sevilla2.preview.jpg,F0542,,,49825,
F0548,2006-XXII,provincial,4,Fórmula matemática,nodo-problema,enunciado,descargado,https://thales.cica.es/olimpiada2/?q=node/361,fuentes/raw/web-antigua/node-361.html,F0535,,,24531,
F0549,2006-XXII,provincial,4,22p4.zip,zip,?,descargado,https://thales.cica.es/olimpiada2/files/22p4.zip,fuentes/raw/ficheros/2006-XXII/22p4.zip,F0548,,,552583,
F0550,2006-XXII,provincial,4,22p4.zip,ppt,?,descomprimido,https://thales.cica.es/olimpiada2/files/22p4.zip#22p4.ppt,fuentes/raw/ficheros/2006-XXII/22p4/22p4.ppt,F0549,,,735232,
F0551,2006-XXII,provincial,4,,imagen,figura,descargado,https://thales.cica.es/olimpiada2/files/images/Malaga.preview.JPG,fuentes/raw/ficheros/2006-XXII/Malaga.preview.JPG,F0548,,,29701,
F0552,2006-XXII,provincial,4,,imagen,figura,descargado,https://thales.cica.es/olimpiada2/files/images/premiopacoanilloCordoba.preview.jpeg,fuentes/raw/ficheros/2006-XXII/premiopacoanilloCordoba.preview.jpeg,F0548,,,39988,
F0553,2006-XXII,provincial,5,La suerte está en los números,nodo-problema,enunciado,descargado,https://thales.cica.es/olimpiada2/?q=node/362,fuentes/raw/web-antigua/node-362.html,F0535,,,23473,
F0554,2006-XXII,provincial,5,19p5_ResolucionPowerPoint.zip,zip,solucion,descargado,https://thales.cica.es/olimpiada2/files/19p5_ResolucionPowerPoint.zip,fuentes/raw/ficheros/2006-XXII/19p5_ResolucionPowerPoint.zip,F0553,,,99382,
F0555,2006-XXII,provincial,5,19p5_ResolucionPowerPoint.zip,ppt,solucion,descomprimido,https://thales.cica.es/olimpiada2/files/19p5_ResolucionPowerPoint.zip#la_suerte[11].ppt,fuentes/raw/ficheros/2006-XXII/19p5_ResolucionPowerPoint/la_suerte[11].ppt,F0554,,,360448,
F0556,2006-XXII,provincial,6,"Ten amigos ""pa"" esto",nodo-problema,enunciado,descargado,https://thales.cica.es/olimpiada2/?q=node/363,fuentes/raw/web-antigua/node-363.html,F0535,,,24396,
F0557,2006-XXII,provincial,6,22p6.zip,zip,?,descargado,https://thales.cica.es/olimpiada2/files/22p6.zip,fuentes/raw/ficheros/2006-XXII/22p6.zip,F0556,,,507777,
F0558,2006-XXII,provincial,6,22p6.zip,ppt,?,descomprimido,https://thales.cica.es/olimpiada2/files/22p6.zip#Caja[1].ppt,fuentes/raw/ficheros/2006-XXII/22p6/Caja[1].ppt,F0557,,,1824768,
F0559,2006-XXII,provincial,6,,imagen,figura,descargado,https://thales.cica.es/olimpiada2/files/images/premio_paco%20anillo_almeria_xxii_omthales_2006.preview.jpg,fuentes/raw/ficheros/2006-XXII/premio_paco anillo_almeria_xxii_omthales_2006.preview.jpg,F0556,,,30777,
F0560,2006-XXII,provincial,6,,imagen,figura,descargado,https://thales.cica.es/olimpiada2/files/images/PacoAnillo_Huelva.preview.JPG,fuentes/raw/ficheros/2006-XXII/PacoAnillo_Huelva.preview.JPG,F0556,,,50458,
F0561,2006-XXII,,,XXII OMT: Estadísticas de participación.,nodo,,descargado,https://thales.cica.es/olimpiada2/?q=node/775,fuentes/raw/web-antigua/node-775.html,F0535,,,41763,
F0562,2006-XXII,regional,1,El regalo,nodo-problema,enunciado,descargado,https://thales.cica.es/olimpiada2/?q=node/348,fuentes/raw/web-antigua/node-348.html,F0535,,,21558,
F0563,2006-XXII,regional,2,El pentágono del tesoro,nodo-problema,enunciado,descargado,https://thales.cica.es/olimpiada2/?q=node/350,fuentes/raw/web-antigua/node-350.html,F0535,,,22150,
F0564,2006-XXII,regional,2,,imagen,figura,descargado,https://thales.cica.es/olimpiada2/files/images/Tesoro_0.JPG,fuentes/raw/ficheros/2006-XXII/Tesoro_0.JPG,F0563,,,7176,
F0565,2006-XXII,regional,3,Pin y Pon,nodo-problema,enunciado,descargado,https://thales.cica.es/olimpiada2/?q=node/351,fuentes/raw/web-antigua/node-351.html,F0535,,,21409,
F0566,2006-XXII,regional,4,Cuidado que viene el tren,nodo-problema,enunciado,descargado,https://thales.cica.es/olimpiada2/?q=node/352,fuentes/raw/web-antigua/node-352.html,F0535,,,21705,
F0567,2006-XXII,regional,5,¿Cómo las guardamos?,nodo-problema,enunciado,descargado,https://thales.cica.es/olimpiada2/?q=node/354,fuentes/raw/web-antigua/node-354.html,F0535,,,22674,
F0568,2006-XXII,regional,6,El tablero mágico,nodo-problema,enunciado,descargado,https://thales.cica.es/olimpiada2/?q=node/355,fuentes/raw/web-antigua/node-355.html,F0535,,,21927,
F0569,2006-XXII,,,XXII OMT: Participantes en la fase regional,nodo,,descargado,https://thales.cica.es/olimpiada2/?q=node/680,fuentes/raw/web-antigua/node-680.html,F0535,,,29568,
F0570,2006-XXII,,,XXII OMT (2006),nodo,otro,descargado,https://thales.cica.es/olimpiada2/?q=node/424,fuentes/raw/web-antigua/node-424.html,F0535,,,20965,álbum de fotos
F0571,2006-XXII,provincial,,hojas de problemas provincial.pdf,pdf,?,descargado,https://olimpiada.saemthales.es/sites/olimpiada.saemthales.es/files/hojas%20de%20problemas%20provincial.pdf,fuentes/raw/ficheros/2006-XXII/hojas de problemas provincial.pdf,F0535,,,212945,
F0572,2006-XXII,regional,,hojas de problemas regional.pdf,pdf,?,descargado,https://olimpiada.saemthales.es/sites/olimpiada.saemthales.es/files/hojas%20de%20problemas%20regional.pdf,fuentes/raw/ficheros/2006-XXII/hojas de problemas regional.pdf,F0535,,,641690,
F0573,2006-XXII,regional,,ParqueMariaLuisa.doc,doc,?,descargado,https://olimpiada.saemthales.es/sites/olimpiada.saemthales.es/files/ParqueMariaLuisa.doc,fuentes/raw/ficheros/2006-XXII/ParqueMariaLuisa.doc,F0535,,,10142720,
F0574,2006-XXII,regional,,IslaMagica.pdf,pdf,?,descargado,https://olimpiada.saemthales.es/sites/olimpiada.saemthales.es/files/IslaMagica.pdf,fuentes/raw/ficheros/2006-XXII/IslaMagica.pdf,F0535,,,381226,
F0575,2006-XXII,regional,,PlazaEspaña.doc,doc,?,descargado,https://olimpiada.saemthales.es/sites/olimpiada.saemthales.es/files/PlazaEspa%C3%B1a.doc,fuentes/raw/ficheros/2006-XXII/PlazaEspaña.doc,F0535,,,11960320,
F0576,2006-XXII,,,"XXII Olimpiada Matemática Thales (Sevilla, 2006)",pagina-edicion,,descargado,https://thales.cica.es/olimpiada2/?q=node/9,fuentes/raw/web-antigua/node-9.html,,,,27153,
F0577,2006-XXII,provincial,,hojas de problemas provincial.pdf,pdf,?,descargado,https://thales.cica.es/olimpiada2/files/hojas%20de%20problemas%20provincial.pdf,fuentes/raw/ficheros/2006-XXII/hojas de problemas provincial.pdf,F0576,,,212945,
F0578,2006-XXII,regional,,hojas de problemas regional.pdf,pdf,?,descargado,https://thales.cica.es/olimpiada2/files/hojas%20de%20problemas%20regional.pdf,fuentes/raw/ficheros/2006-XXII/hojas de problemas regional.pdf,F0576,,,641690,
F0579,2006-XXII,regional,,ParqueMariaLuisa.doc,doc,?,descargado,https://thales.cica.es/olimpiada2/files/ParqueMariaLuisa.doc,fuentes/raw/ficheros/2006-XXII/ParqueMariaLuisa.doc,F0576,,,10142720,
F0580,2006-XXII,regional,,IslaMagica.pdf,pdf,?,descargado,https://thales.cica.es/olimpiada2/files/IslaMagica.pdf,fuentes/raw/ficheros/2006-XXII/IslaMagica.pdf,F0576,,,381226,
F0581,2006-XXII,regional,,PlazaEspaña.doc,doc,?,descargado,https://thales.cica.es/olimpiada2/files/PlazaEspa%C3%B1a.doc,fuentes/raw/ficheros/2006-XXII/PlazaEspaña.doc,F0576,,,11960320,
F0582,2007-XXIII,,,"XXIII Olimpiada Matemática Thales (San Fernando - Jerez de la Frontera - El Bosque, 2007)",pagina-edicion,,descargado,https://olimpiada.saemthales.es/node/6,fuentes/raw/web-actual/node-6.html,,,,54458,
F0583,2007-XXIII,,,XXIII OMT: Bases,nodo,,descargado,https://thales.cica.es/olimpiada2/?q=node/364,fuentes/raw/web-antigua/node-364.html,F0582,,,23764,
F0584,2007-XXIII,,,"XXIII OMT: Bases V Premio ""Paco Anillo"" a la Resolución de Problemas.",nodo,,descargado,https://thales.cica.es/olimpiada2/?q=node/365,fuentes/raw/web-antigua/node-365.html,F0582,,,24001,
F0585,2007-XXIII,,,XXIII OMT: Lugares de celebración y de entregas de premios.,nodo,,descargado,https://thales.cica.es/olimpiada2/?q=node/366,fuentes/raw/web-antigua/node-366.html,F0582,,,24689,
F0586,2007-XXIII,,,XXIII OMT: Estadísticas de participación.,nodo,,descargado,https://thales.cica.es/olimpiada2/?q=node/986,fuentes/raw/web-antigua/node-986.html,F0582,,,22838,
F0587,2007-XXIII,,,XXIII OMT: Ganadores de la fase provincial,nodo,,descargado,https://thales.cica.es/olimpiada2/?q=node/987,fuentes/raw/web-antigua/node-987.html,F0582,,,31267,
F0588,2007-XXIII,provincial,1,¡Vaya pueblo!,nodo-problema,enunciado,descargado,https://thales.cica.es/olimpiada2/?q=node/988,fuentes/raw/web-antigua/node-988.html,F0582,numeros,,23352,
F0589,2007-XXIII,provincial,1,,imagen,figura,descargado,https://thales.cica.es/olimpiada2/files/active/0/827_large.gif,fuentes/raw/ficheros/2007-XXIII/827_large.gif,F0588,,,12292,
F0590,2007-XXIII,provincial,1,,imagen,figura,descargado,https://thales.cica.es/olimpiada2/files/images/PremioXXIIICadiz.preview.JPG,fuentes/raw/ficheros/2007-XXIII/PremioXXIIICadiz.preview.JPG,F0588,,,44768,
F0591,2007-XXIII,provincial,,Resolución en PowerPoint,zip,solucion,descargado,https://thales.cica.es/olimpiada2/files/vaya%20pueblo.zip,fuentes/raw/ficheros/2007-XXIII/vaya pueblo.zip,F0582,,,95460,
F0592,2007-XXIII,provincial,,Resolución en PowerPoint,pps,solucion,descomprimido,https://thales.cica.es/olimpiada2/files/vaya%20pueblo.zip#vaya pueblo.pps,fuentes/raw/ficheros/2007-XXIII/vaya pueblo/vaya pueblo.pps,F0591,,,293376,
F0593,2007-XXIII,provincial,2,La tarjeta de crédito,nodo-problema,enunciado,descargado,https://thales.cica.es/olimpiada2/?q=node/989,fuentes/raw/web-antigua/node-989.html,F0582,logica,facil,33650,
F0594,2007-XXIII,provincial,2,,imagen,figura,descargado,https://thales.cica.es/olimpiada2/files/active/0/809_large.gif,fuentes/raw/ficheros/2007-XXIII/809_large.gif,F0593,,,12383,
F0595,2007-XXIII,provincial,2,tarjeta.zip,zip,?,descargado,https://thales.cica.es/olimpiada2/files/tarjeta.zip,fuentes/raw/ficheros/2007-XXIII/tarjeta.zip,F0593,,,196156,
F0596,2007-XXIII,provincial,2,tarjeta.zip,pps,?,descomprimido,https://thales.cica.es/olimpiada2/files/tarjeta.zip#tarjeta.pps,fuentes/raw/ficheros/2007-XXIII/tarjeta/tarjeta.pps,F0595,,,1383424,
F0597,2007-XXIII,provincial,3,Números amigos,nodo-problema,enunciado,descargado,https://thales.cica.es/olimpiada2/?q=node/991,fuentes/raw/web-antigua/node-991.html,F0582,numeros,facil,25247,
F0598,2007-XXIII,provincial,3,,imagen,figura,descargado,https://thales.cica.es/olimpiada2/files/active/0/990_large.jpg,fuentes/raw/ficheros/2007-XXIII/990_large.jpg,F0597,,,12662,
F0599,2007-XXIII,provincial,3,zipi-zape.zip,zip,?,descargado,https://thales.cica.es/olimpiada2/files/zipi-zape.zip,fuentes/raw/ficheros/2007-XXIII/zipi-zape.zip,F0597,,,72880,
F0600,2007-XXIII,provincial,3,zipi-zape.zip,pps,?,descomprimido,https://thales.cica.es/olimpiada2/files/zipi-zape.zip#zipi-zape.pps,fuentes/raw/ficheros/2007-XXIII/zipi-zape/zipi-zape.pps,F0599,,,311296,
F0601,2007-XXIII,provincial,4,La Champiñón League,nodo-problema,enunciado,descargado,https://thales.cica.es/olimpiada2/?q=node/993,fuentes/raw/web-antigua/node-993.html,F0582,logica,facil,23853,
F0602,2007-XXIII,provincial,4,,imagen,figura,descargado,https://thales.cica.es/olimpiada2/files/active/0/992_large.jpg,fuentes/raw/ficheros/2007-XXIII/992_large.jpg,F0601,,,6868,
F0603,2007-XXIII,provincial,4,champion.zip,zip,?,descargado,https://thales.cica.es/olimpiada2/files/champion_0.zip,fuentes/raw/ficheros/2007-XXIII/champion_0.zip,F0601,,,182761,
F0604,2007-XXIII,provincial,4,champion.zip,pps,?,descomprimido,https://thales.cica.es/olimpiada2/files/champion_0.zip#champi¤on.pps,fuentes/raw/ficheros/2007-XXIII/champion_0/champi¤on.pps,F0603,,,1178112,
F0605,2007-XXIII,provincial,5,Las trillizas,nodo-problema,enunciado,descargado,https://thales.cica.es/olimpiada2/?q=node/995,fuentes/raw/web-antigua/node-995.html,F0582,geometria,facil,25712,
F0606,2007-XXIII,provincial,5,trillizas.zip,zip,?,descargado,https://thales.cica.es/olimpiada2/files/sites/thales.cica.es.olimpiada2/files/trillizas.zip,fuentes/raw/ficheros/2007-XXIII/trillizas.zip,F0605,,,178957,
F0607,2007-XXIII,provincial,5,,imagen,figura,descargado,https://thales.cica.es/olimpiada2/files/images/PremioXXIIIJaen.preview.JPG,fuentes/raw/ficheros/2007-XXIII/PremioXXIIIJaen.preview.JPG,F0605,,,40645,
F0608,2007-XXIII,provincial,5,,imagen,figura,descargado,https://thales.cica.es/olimpiada2/files/images/PremioXXIIISevilla.preview.JPG,fuentes/raw/ficheros/2007-XXIII/PremioXXIIISevilla.preview.JPG,F0605,,,44060,
F0609,2007-XXIII,provincial,,Resolución en PowerPoint,zip,solucion,descargado,https://thales.cica.es/olimpiada2/sites/thales.cica.es.olimpiada2/files/trillizas.zip,fuentes/raw/ficheros/2007-XXIII/trillizas.zip,F0582,,,178957,
F0610,2007-XXIII,provincial,,Resolución en PowerPoint,pps,solucion,descomprimido,https://thales.cica.es/olimpiada2/sites/thales.cica.es.olimpiada2/files/trillizas.zip#trillizas.pps,fuentes/raw/ficheros/2007-XXIII/trillizas/trillizas.pps,F0609,,,796160,
F0611,2007-XXIII,provincial,6,El símbolo mágico,nodo-problema,enunciado,descargado,https://thales.cica.es/olimpiada2/?q=node/996,fuentes/raw/web-antigua/node-996.html,F0582,geometria,medio,23730,
F0612,2007-XXIII,provincial,6,,imagen,figura,descargado,https://thales.cica.es/olimpiada2/files/active/0/994_large.jpg,fuentes/raw/ficheros/2007-XXIII/994_large.jpg,F0611,,,17094,
F0613,2007-XXIII,provincial,6,simbolo.zip,zip,?,descargado,https://thales.cica.es/olimpiada2/files/sites/thales.cica.es.olimpiada2/files/simbolo.zip,fuentes/raw/ficheros/2007-XXIII/simbolo.zip,F0611,,,91389,
F0614,2007-XXIII,provincial,,Resolución en PowerPoint,zip,solucion,descargado,https://thales.cica.es/olimpiada2/sites/thales.cica.es.olimpiada2/files/simbolo.zip,fuentes/raw/ficheros/2007-XXIII/simbolo.zip,F0582,,,91389,
F0615,2007-XXIII,provincial,,Resolución en PowerPoint,pps,solucion,descomprimido,https://thales.cica.es/olimpiada2/sites/thales.cica.es.olimpiada2/files/simbolo.zip#simpolo.pps,fuentes/raw/ficheros/2007-XXIII/simbolo/simpolo.pps,F0614,,,344576,
F0616,2007-XXIII,provincial,,Carpetilla con los seis problemas,doc,?,descargado,https://thales.cica.es/olimpiada2/files/HojasIndividualesFaseProvincial.doc,fuentes/raw/ficheros/2007-XXIII/HojasIndividualesFaseProvincial.doc,F0582,,,175104,
F0617,2007-XXIII,regional,1,¡Vaya coincidencia!,nodo-problema,enunciado,descargado,https://thales.cica.es/olimpiada2/?q=node/1081,fuentes/raw/web-antigua/node-1081.html,F0582,,,22380,
F0618,2007-XXIII,regional,2,El laberinto,nodo-problema,enunciado,descargado,https://thales.cica.es/olimpiada2/?q=node/1082,fuentes/raw/web-antigua/node-1082.html,F0582,,,21430,
F0619,2007-XXIII,regional,3,Ladrones y bribones,nodo-problema,enunciado,descargado,https://thales.cica.es/olimpiada2/?q=node/1083,fuentes/raw/web-antigua/node-1083.html,F0582,,,23368,
F0620,2007-XXIII,regional,4,¡Vaya partidazo de Pau Porciento!,nodo-problema,enunciado,descargado,https://thales.cica.es/olimpiada2/?q=node/1084,fuentes/raw/web-antigua/node-1084.html,F0582,,,22429,
F0621,2007-XXIII,regional,,Resolución en PowerPoint,ppt,solucion,descargado,https://thales.cica.es/olimpiada2/files/23R_Pau_Porciento.ppt,fuentes/raw/ficheros/2007-XXIII/23R_Pau_Porciento.ppt,F0582,,,528384,
F0622,2007-XXIII,regional,5,El informático despistado,nodo-problema,enunciado,descargado,https://thales.cica.es/olimpiada2/?q=node/1085,fuentes/raw/web-antigua/node-1085.html,F0582,,,23347,
F0623,2007-XXIII,regional,6,Escuadreitor ataca de nuevo,nodo-problema,enunciado,descargado,https://thales.cica.es/olimpiada2/?q=node/1086,fuentes/raw/web-antigua/node-1086.html,F0582,,,22624,
F0624,2007-XXIII,regional,6,,imagen,figura,error,https://thales.cica.es/olimpiada2/files/images/escuadreitor_0.JPG,,F0623,,,,HTTP 404
F0625,2007-XXIII,regional,6,,imagen,figura,descargado,https://thales.cica.es/olimpiada2/files/images/PremioXXIIIRegional.preview.JPG,fuentes/raw/ficheros/2007-XXIII/PremioXXIIIRegional.preview.JPG,F0623,,,30657,
F0626,2007-XXIII,regional,,Carpetilla con los seis problemas,doc,?,descargado,https://thales.cica.es/olimpiada2/files/HojasIndividualesFaseRegional.doc,fuentes/raw/ficheros/2007-XXIII/HojasIndividualesFaseRegional.doc,F0582,,,203776,
F0627,2007-XXIII,regional,,Prueba por equipos en San Fernando,pdf,?,descargado,https://thales.cica.es/olimpiada2/files/XXIIOMTFREquipos.pdf,fuentes/raw/ficheros/2007-XXIII/XXIIOMTFREquipos.pdf,F0582,,,1452136,
F0628,2007-XXIII,provincial,,HojasIndividualesFaseProvincial.doc,doc,?,descargado,https://olimpiada.saemthales.es/sites/olimpiada.saemthales.es/files/HojasIndividualesFaseProvincial.doc,fuentes/raw/ficheros/2007-XXIII/HojasIndividualesFaseProvincial.doc,F0582,,,175104,
F0629,2007-XXIII,regional,,HojasIndividualesFaseregional.doc,doc,?,descargado,https://olimpiada.saemthales.es/sites/olimpiada.saemthales.es/files/HojasIndividualesFaseregional.doc,fuentes/raw/ficheros/2007-XXIII/HojasIndividualesFaseregional.doc,F0582,,,203776,
F0630,2007-XXIII,regional,,XXIIOMTFREquipos.pdf,pdf,?,descargado,https://olimpiada.saemthales.es/sites/olimpiada.saemthales.es/files/XXIIOMTFREquipos.pdf,fuentes/raw/ficheros/2007-XXIII/XXIIOMTFREquipos.pdf,F0582,,,1452136,
F0631,2007-XXIII,regional,,23R_Pau_Porciento.ppt,ppt,?,descargado,https://olimpiada.saemthales.es/sites/olimpiada.saemthales.es/files/23R_Pau_Porciento.ppt,fuentes/raw/ficheros/2007-XXIII/23R_Pau_Porciento.ppt,F0582,,,528384,
F0632,2007-XXIII,,,"XXIII Olimpiada Matemática Thales (San Fernando - Jerez de la Frontera - El Bosque, 2007)",pagina-edicion,,descargado,https://thales.cica.es/olimpiada2/?q=node/6,fuentes/raw/web-antigua/node-6.html,,,,31589,
F0633,2007-XXIII,regional,,HojasIndividualesFaseregional.doc,doc,?,descargado,https://thales.cica.es/olimpiada2/files/HojasIndividualesFaseregional.doc,fuentes/raw/ficheros/2007-XXIII/HojasIndividualesFaseregional.doc,F0632,,,203776,
F0634,2008-XXIV,,,"XXIV Olimpiada Matemática Thales (Jaén, 2008)",pagina-edicion,,descargado,https://olimpiada.saemthales.es/node/1090,fuentes/raw/web-actual/node-1090.html,,,,56320,
F0635,2008-XXIV,,,Bases generales de la XXIV OMThales,doc,otro,descargado,https://thales.cica.es/olimpiada2/files/XXIV%20OMT_bases.doc,fuentes/raw/ficheros/2008-XXIV/XXIV OMT_bases.doc,F0634,,,80384,
F0636,2008-XXIV,provincial,,"Bases del VI Premio Provincial ""Paco Anillo"" a la resolución de problemas",doc,otro,descargado,https://thales.cica.es/olimpiada2/files/XXIV%20OMT_bases%20premio%20Paco%20Anillo.doc,fuentes/raw/ficheros/2008-XXIV/XXIV OMT_bases premio Paco Anillo.doc,F0634,,,78336,
F0637,2008-XXIV,regional,,"Bases del VI Premio Regional ""Paco Anillo"" a la resolución de problemas",doc,otro,descargado,https://thales.cica.es/olimpiada2/files/XXIV%20OMT_Bases%20Premio%20Paco%20Anillo%20Regional.doc,fuentes/raw/ficheros/2008-XXIV/XXIV OMT_Bases Premio Paco Anillo Regional.doc,F0634,,,42496,
F0638,2008-XXIV,,,Lugares de celebración y de entrega de premios,nodo,,descargado,https://thales.cica.es/olimpiada2/?q=node/1116,fuentes/raw/web-antigua/node-1116.html,F0634,,,84929,
F0639,2008-XXIV,,,XXIV OMT: Recortes de prensa.,nodo,,descargado,https://thales.cica.es/olimpiada2/?q=node/1156,fuentes/raw/web-antigua/node-1156.html,F0634,,,31337,
F0640,2008-XXIV,,,XXIV OMT: Vídeos y fotografías.,nodo,,descargado,https://thales.cica.es/olimpiada2/?q=node/1169,fuentes/raw/web-antigua/node-1169.html,F0634,,,21282,
F0641,2008-XXIV,,,XXIV OMT: Ganadores provinciales.,nodo,,descargado,https://thales.cica.es/olimpiada2/?q=node/1203,fuentes/raw/web-antigua/node-1203.html,F0634,,,30920,
F0642,2008-XXIV,provincial,,Hojas individuales,doc,?,descargado,https://thales.cica.es/olimpiada2/files/HojasIndividualesFaseProvincial_0.doc,fuentes/raw/ficheros/2008-XXIV/HojasIndividualesFaseProvincial_0.doc,F0634,,,430592,
F0643,2008-XXIV,provincial,1,Logotipos a base de simetrías,nodo-problema,enunciado,descargado,https://thales.cica.es/olimpiada2/?q=node/1159,fuentes/raw/web-antigua/node-1159.html,F0634,geometria,medio,25439,
F0644,2008-XXIV,provincial,1,,imagen,figura,descargado,https://thales.cica.es/olimpiada2/files/images/LogosXXIV_0.JPG,fuentes/raw/ficheros/2008-XXIV/LogosXXIV_0.JPG,F0643,,,13545,
F0645,2008-XXIV,provincial,1,,imagen,figura,descargado,https://thales.cica.es/olimpiada2/files/images/LogosXXIVb_0.JPG,fuentes/raw/ficheros/2008-XXIV/LogosXXIVb_0.JPG,F0643,,,9817,
F0646,2008-XXIV,provincial,1,xxivLogos.pps,pps,?,descargado,https://thales.cica.es/olimpiada2/files/xxivLogos.pps,fuentes/raw/ficheros/2008-XXIV/xxivLogos.pps,F0643,,,643072,
F0647,2008-XXIV,provincial,1,,imagen,figura,descargado,https://thales.cica.es/olimpiada2/files/images/problema1_0.bmp,fuentes/raw/ficheros/2008-XXIV/problema1_0.bmp,F0643,,,997918,
F0648,2008-XXIV,provincial,2,¿Verdadero o falso?,nodo-problema,enunciado,descargado,https://thales.cica.es/olimpiada2/?q=node/1160,fuentes/raw/web-antigua/node-1160.html,F0634,,facil,25098,
F0649,2008-XXIV,provincial,2,vof.pps,pps,?,descargado,https://thales.cica.es/olimpiada2/files/vof.pps,fuentes/raw/ficheros/2008-XXIV/vof.pps,F0648,,,406016,
F0650,2008-XXIV,provincial,3,El enigma de los relojes,nodo-problema,enunciado,descargado,https://thales.cica.es/olimpiada2/?q=node/1161,fuentes/raw/web-antigua/node-1161.html,F0634,geometria logica,facil,26765,
F0651,2008-XXIV,provincial,3,relojes.pps,pps,?,descargado,https://thales.cica.es/olimpiada2/files/relojes.pps,fuentes/raw/ficheros/2008-XXIV/relojes.pps,F0650,,,1004544,
F0652,2008-XXIV,provincial,3,,imagen,figura,descargado,https://thales.cica.es/olimpiada2/files/images/Dibujo.JPG,fuentes/raw/ficheros/2008-XXIV/Dibujo.JPG,F0650,,,56857,
F0653,2008-XXIV,provincial,3,,imagen,figura,descargado,https://thales.cica.es/olimpiada2/files/images/VIPASevilla.preview.jpg,fuentes/raw/ficheros/2008-XXIV/VIPASevilla.preview.jpg,F0650,,,33838,
F0654,2008-XXIV,provincial,4,Las tres amigas,nodo-problema,enunciado,descargado,https://thales.cica.es/olimpiada2/?q=node/1162,fuentes/raw/web-antigua/node-1162.html,F0634,logica,medio,29145,
F0655,2008-XXIV,provincial,4,lastresamigas.pps,pps,?,descargado,https://thales.cica.es/olimpiada2/files/lastresamigas.pps,fuentes/raw/ficheros/2008-XXIV/lastresamigas.pps,F0654,,,1166848,
F0656,2008-XXIV,provincial,4,,imagen,figura,descargado,https://thales.cica.es/olimpiada2/files/images/panillocordoba1.preview.jpg,fuentes/raw/ficheros/2008-XXIV/panillocordoba1.preview.jpg,F0654,,,44954,
F0657,2008-XXIV,provincial,4,,imagen,figura,descargado,https://thales.cica.es/olimpiada2/files/images/panillocordoba2.preview.jpg,fuentes/raw/ficheros/2008-XXIV/panillocordoba2.preview.jpg,F0654,,,41414,
F0658,2008-XXIV,provincial,4,,imagen,figura,descargado,https://thales.cica.es/olimpiada2/files/images/VIPAAlmeria1.preview.jpg,fuentes/raw/ficheros/2008-XXIV/VIPAAlmeria1.preview.jpg,F0654,,,42350,
F0659,2008-XXIV,provincial,4,,imagen,figura,descargado,https://thales.cica.es/olimpiada2/files/images/VIPAAlmeria2.preview.jpg,fuentes/raw/ficheros/2008-XXIV/VIPAAlmeria2.preview.jpg,F0654,,,14915,
F0660,2008-XXIV,provincial,5,Dianas poligonales,nodo-problema,enunciado,descargado,https://thales.cica.es/olimpiada2/?q=node/1164,fuentes/raw/web-antigua/node-1164.html,F0634,estadistica,facil,26608,
F0661,2008-XXIV,provincial,5,,imagen,figura,descargado,https://thales.cica.es/olimpiada2/files/images/Dianasxxiv_0.JPG,fuentes/raw/ficheros/2008-XXIV/Dianasxxiv_0.JPG,F0660,,,9332,
F0662,2008-XXIV,provincial,5,,imagen,figura,descargado,https://thales.cica.es/olimpiada2/files/images/Dianasxxivb_0.JPG,fuentes/raw/ficheros/2008-XXIV/Dianasxxivb_0.JPG,F0660,,,12652,recuperado de archive.org: https://web.archive.org/web/20100330200407id_/http://thales.cica.es/olimpiada2/files/images/Dianasxxivb_0.JPG
F0663,2008-XXIV,provincial,5,dianas.pps,pps,?,descargado,https://thales.cica.es/olimpiada2/files/dianas.pps,fuentes/raw/ficheros/2008-XXIV/dianas.pps,F0660,,,509440,
F0664,2008-XXIV,provincial,6,La clave,nodo-problema,enunciado,descargado,https://thales.cica.es/olimpiada2/?q=node/1167,fuentes/raw/web-antigua/node-1167.html,F0634,logica,facil,24844,
F0665,2008-XXIV,provincial,6,,imagen,figura,error,https://thales.cica.es/olimpiada2/files/images/clavexxiv_0.JPG,,F0664,,,,HTTP 404
F0666,2008-XXIV,provincial,6,laclave_2.pps,pps,?,descargado,https://thales.cica.es/olimpiada2/files/laclave_2.pps,fuentes/raw/ficheros/2008-XXIV/laclave_2.pps,F0664,,,343040,
F0667,2008-XXIV,,,XXIV OMT: Fase Regional: Programa.,nodo,,descargado,https://thales.cica.es/olimpiada2/?q=node/1170,fuentes/raw/web-antigua/node-1170.html,F0634,,,41354,
F0668,2008-XXIV,,,XXIV OMT: Notas de prensa.,nodo,,descargado,https://thales.cica.es/olimpiada2/?q=node/1266,fuentes/raw/web-antigua/node-1266.html,F0634,,,22480,
F0669,2008-XXIV,,,Fase Regional,nodo,otro,descargado,https://thales.cica.es/olimpiada2/?q=node/1280,fuentes/raw/web-antigua/node-1280.html,F0634,,,20535,álbum de fotos
F0670,2008-XXIV,,,XXIV OMT: Ganadores Regionales.,nodo,,descargado,https://thales.cica.es/olimpiada2/?q=node/1267,fuentes/raw/web-antigua/node-1267.html,F0634,,,23225,
F0671,2008-XXIV,,,XXIV OMT: Discurso de Clausura.,nodo,,descargado,https://thales.cica.es/olimpiada2/?q=node/1381,fuentes/raw/web-antigua/node-1381.html,F0634,,,31028,
F0672,2008-XXIV,regional,1,La bandera,nodo-problema,enunciado,descargado,https://thales.cica.es/olimpiada2/?q=node/1274,fuentes/raw/web-antigua/node-1274.html,F0634,logica estadistica,dificil,23242,
F0673,2008-XXIV,regional,1,,imagen,figura,descargado,https://thales.cica.es/olimpiada2/files/images/xxivR1_0.JPG,fuentes/raw/ficheros/2008-XXIV/xxivR1_0.JPG,F0672,,,2085,recuperado de archive.org: https://web.archive.org/web/20100330200435id_/http://thales.cica.es/olimpiada2/files/images/xxivR1_0.JPG
F0674,2008-XXIV,,,XXIV OMT: Fase Regional 2: Supervivientes.,nodo,,descargado,https://thales.cica.es/olimpiada2/?q=node/1270,fuentes/raw/web-antigua/node-1270.html,F0634,,,23886,
F0675,2008-XXIV,regional,3,Menudo reto,nodo-problema,enunciado,descargado,https://thales.cica.es/olimpiada2/?q=node/1276,fuentes/raw/web-antigua/node-1276.html,F0634,numeros logica,medio,22429,
F0676,2008-XXIV,regional,3,,imagen,figura,error,https://thales.cica.es/olimpiada2/files/images/xxivR3_0.JPG,,F0675,,,,HTTP 404
F0677,2008-XXIV,,,XXIV OMT: Fase Regional 4: Castillo fractal de naipes.,nodo,,descargado,https://thales.cica.es/olimpiada2/?q=node/1271,fuentes/raw/web-antigua/node-1271.html,F0634,,,23674,
F0678,2008-XXIV,,,XXIV OMT: Fase Regional 5: Pueblo de fiesta.,nodo,,descargado,https://thales.cica.es/olimpiada2/?q=node/1272,fuentes/raw/web-antigua/node-1272.html,F0634,,,22414,
F0679,2008-XXIV,regional,6,Ahorremos agua,nodo-problema,enunciado,descargado,https://thales.cica.es/olimpiada2/?q=node/1278,fuentes/raw/web-antigua/node-1278.html,F0634,numeros logica,dificil,24013,
F0680,2008-XXIV,regional,6,,imagen,figura,descargado,https://thales.cica.es/olimpiada2/files/images/xxivR6_0.JPG,fuentes/raw/ficheros/2008-XXIV/xxivR6_0.JPG,F0679,,,34696,
F0681,2008-XXIV,regional,1,Problema 1.,pdf,?,descargado,https://thales.cica.es/olimpiada2/files/PRUEBA 1.pdf,fuentes/raw/ficheros/2008-XXIV/PRUEBA 1.pdf,F0634,,,440403,
F0682,2008-XXIV,regional,2,Problema 2.,pdf,?,descargado,https://thales.cica.es/olimpiada2/files/PRUEBA 2.pdf,fuentes/raw/ficheros/2008-XXIV/PRUEBA 2.pdf,F0634,,,104513,
F0683,2008-XXIV,regional,3,Problema 3.,pdf,?,descargado,https://thales.cica.es/olimpiada2/files/PRUEBA 3.pdf,fuentes/raw/ficheros/2008-XXIV/PRUEBA 3.pdf,F0634,,,637190,
F0684,2008-XXIV,regional,4,Problema 4.,pdf,?,descargado,https://thales.cica.es/olimpiada2/files/PRUEBA 4.pdf,fuentes/raw/ficheros/2008-XXIV/PRUEBA 4.pdf,F0634,,,572703,
F0685,2008-XXIV,regional,5,Problema 5.,pdf,?,descargado,https://thales.cica.es/olimpiada2/files/PRUEBA 5.pdf,fuentes/raw/ficheros/2008-XXIV/PRUEBA 5.pdf,F0634,,,104526,
F0686,2008-XXIV,regional,6,Problema 6.,pdf,?,descargado,https://thales.cica.es/olimpiada2/files/PRUEBA 6.pdf,fuentes/raw/ficheros/2008-XXIV/PRUEBA 6.pdf,F0634,,,552683,
F0687,2008-XXIV,regional,,XXIV OMT_bases.doc,doc,otro,descargado,https://olimpiada.saemthales.es/sites/olimpiada.saemthales.es/files/XXIV%20OMT_bases.doc,fuentes/raw/ficheros/2008-XXIV/XXIV OMT_bases.doc,F0634,,,80384,
F0688,2008-XXIV,regional,,XXIV OMT_bases premio Paco Anillo.doc,doc,otro,descargado,https://olimpiada.saemthales.es/sites/olimpiada.saemthales.es/files/XXIV%20OMT_bases%20premio%20Paco%20Anillo.doc,fuentes/raw/ficheros/2008-XXIV/XXIV OMT_bases premio Paco Anillo.doc,F0634,,,78336,
F0689,2008-XXIV,regional,,XXIV OMT_Bases Premio Paco Anillo Regional.doc,doc,otro,descargado,https://olimpiada.saemthales.es/sites/olimpiada.saemthales.es/files/XXIV%20OMT_Bases%20Premio%20Paco%20Anillo%20Regional.doc,fuentes/raw/ficheros/2008-XXIV/XXIV OMT_Bases Premio Paco Anillo Regional.doc,F0634,,,42496,
F0690,2008-XXIV,regional,,InscripcionesXXIV.doc,doc,otro,descargado,https://olimpiada.saemthales.es/sites/olimpiada.saemthales.es/files/InscripcionesXXIV.doc,fuentes/raw/ficheros/2008-XXIV/InscripcionesXXIV.doc,F0634,,,2990080,
F0691,2008-XXIV,provincial,,HojasIndividualesFaseProvincial.doc,doc,?,descargado,https://olimpiada.saemthales.es/sites/olimpiada.saemthales.es/files/HojasIndividualesFaseProvincial_0.doc,fuentes/raw/ficheros/2008-XXIV/HojasIndividualesFaseProvincial_0.doc,F0634,,,430592,
F0692,2008-XXIV,regional,,PRUEBA 1.pdf,pdf,?,descargado,https://olimpiada.saemthales.es/sites/olimpiada.saemthales.es/files/PRUEBA%201.pdf,fuentes/raw/ficheros/2008-XXIV/PRUEBA 1.pdf,F0634,,,440403,
F0693,2008-XXIV,regional,,PRUEBA 2.pdf,pdf,?,descargado,https://olimpiada.saemthales.es/sites/olimpiada.saemthales.es/files/PRUEBA%202.pdf,fuentes/raw/ficheros/2008-XXIV/PRUEBA 2.pdf,F0634,,,104513,
F0694,2008-XXIV,regional,,PRUEBA 3.pdf,pdf,?,descargado,https://olimpiada.saemthales.es/sites/olimpiada.saemthales.es/files/PRUEBA%203.pdf,fuentes/raw/ficheros/2008-XXIV/PRUEBA 3.pdf,F0634,,,637190,
F0695,2008-XXIV,regional,,PRUEBA 4.pdf,pdf,?,descargado,https://olimpiada.saemthales.es/sites/olimpiada.saemthales.es/files/PRUEBA%204.pdf,fuentes/raw/ficheros/2008-XXIV/PRUEBA 4.pdf,F0634,,,572703,
F0696,2008-XXIV,regional,,PRUEBA 5.pdf,pdf,?,descargado,https://olimpiada.saemthales.es/sites/olimpiada.saemthales.es/files/PRUEBA%205.pdf,fuentes/raw/ficheros/2008-XXIV/PRUEBA 5.pdf,F0634,,,104526,
F0697,2008-XXIV,regional,,PRUEBA 6.pdf,pdf,?,descargado,https://olimpiada.saemthales.es/sites/olimpiada.saemthales.es/files/PRUEBA%206.pdf,fuentes/raw/ficheros/2008-XXIV/PRUEBA 6.pdf,F0634,,,552683,
F0698,2008-XXIV,,,"XXIV Olimpiada Matemática Thales (Jaén, 2008)",pagina-edicion,,descargado,https://thales.cica.es/olimpiada2/?q=node/1090,fuentes/raw/web-antigua/node-1090.html,,,,33569,
F0699,2008-XXIV,regional,,InscripcionesXXIV.doc,doc,otro,descargado,https://thales.cica.es/olimpiada2/files/InscripcionesXXIV.doc,fuentes/raw/ficheros/2008-XXIV/InscripcionesXXIV.doc,F0698,,,2990080,
F0700,2008-XXIV,regional,,PRUEBA 1.pdf,pdf,?,descargado,https://thales.cica.es/olimpiada2/files/PRUEBA%201.pdf,fuentes/raw/ficheros/2008-XXIV/PRUEBA 1.pdf,F0698,,,440403,
F0701,2008-XXIV,regional,,PRUEBA 2.pdf,pdf,?,descargado,https://thales.cica.es/olimpiada2/files/PRUEBA%202.pdf,fuentes/raw/ficheros/2008-XXIV/PRUEBA 2.pdf,F0698,,,104513,
F0702,2008-XXIV,regional,,PRUEBA 3.pdf,pdf,?,descargado,https://thales.cica.es/olimpiada2/files/PRUEBA%203.pdf,fuentes/raw/ficheros/2008-XXIV/PRUEBA 3.pdf,F0698,,,637190,
F0703,2008-XXIV,regional,,PRUEBA 4.pdf,pdf,?,descargado,https://thales.cica.es/olimpiada2/files/PRUEBA%204.pdf,fuentes/raw/ficheros/2008-XXIV/PRUEBA 4.pdf,F0698,,,572703,
F0704,2008-XXIV,regional,,PRUEBA 5.pdf,pdf,?,descargado,https://thales.cica.es/olimpiada2/files/PRUEBA%205.pdf,fuentes/raw/ficheros/2008-XXIV/PRUEBA 5.pdf,F0698,,,104526,
F0705,2008-XXIV,regional,,PRUEBA 6.pdf,pdf,?,descargado,https://thales.cica.es/olimpiada2/files/PRUEBA%206.pdf,fuentes/raw/ficheros/2008-XXIV/PRUEBA 6.pdf,F0698,,,552683,
F0706,2009-XXV,,,"XXV Olimpiada Matemática Thales (Huelva, 2009)",pagina-edicion,,descargado,https://olimpiada.saemthales.es/node/1383,fuentes/raw/web-actual/node-1383.html,,,,55511,
F0707,2009-XXV,regional,,Bases de la XXV Olimpiada Matemática Thales.,doc,otro,descargado,https://thales.cica.es/olimpiada2/files/XXV%20OMT_bases.doc,fuentes/raw/ficheros/2009-XXV/XXV OMT_bases.doc,F0706,,,54784,
F0708,2009-XXV,provincial,,Bases del VII Premio Paco Anillo (Fase Provincial).,doc,otro,descargado,https://thales.cica.es/olimpiada2/files/XXV OMT_bases premio Paco Anillo.doc,fuentes/raw/ficheros/2009-XXV/XXV OMT_bases premio Paco Anillo.doc,F0706,,,47616,
F0709,2009-XXV,regional,,Bases del VII Premio Paco Anillo (Fase Regional).,doc,otro,descargado,https://thales.cica.es/olimpiada2/files/XXV OMT_Bases Premio Paco Anillo Regional.doc,fuentes/raw/ficheros/2009-XXV/XXV OMT_Bases Premio Paco Anillo Regional.doc,F0706,,,46080,
F0710,2009-XXV,,,XXV OMT: Sedes.,nodo,,descargado,https://thales.cica.es/olimpiada2/?q=node/1454,fuentes/raw/web-antigua/node-1454.html,F0706,,,52053,
F0711,2009-XXV,provincial,,Hojas individuales,doc,?,descargado,https://thales.cica.es/olimpiada2/files/HojasIndividualesFaseProvincial_1.doc,fuentes/raw/ficheros/2009-XXV/HojasIndividualesFaseProvincial_1.doc,F0706,,,115712,
F0712,2009-XXV,provincial,1,La rana saltarina de Thales,nodo-problema,enunciado,descargado,https://thales.cica.es/olimpiada2/?q=node/1456,fuentes/raw/web-antigua/node-1456.html,F0706,,facil,24469,
F0713,2009-XXV,provincial,1,,imagen,figura,descargado,https://thales.cica.es/olimpiada2/files/images/Imagen%20004.preview.jpg,fuentes/raw/ficheros/2009-XXV/Imagen 004.preview.jpg,F0712,,,68206,
F0714,2009-XXV,provincial,1,,imagen,figura,descargado,https://thales.cica.es/olimpiada2/files/images/VIIPASevilla.preview.JPG,fuentes/raw/ficheros/2009-XXV/VIIPASevilla.preview.JPG,F0712,,,55023,
F0715,2009-XXV,provincial,1,,imagen,figura,descargado,https://thales.cica.es/olimpiada2/files/images/cordobaPArana1_0.bmp,fuentes/raw/ficheros/2009-XXV/cordobaPArana1_0.bmp,F0712,,,4551534,
F0716,2009-XXV,provincial,1,Presentación en PowerPoint),pps,?,descargado,https://thales.cica.es/olimpiada2/files/251p.pps,fuentes/raw/ficheros/2009-XXV/251p.pps,F0706,,,1136640,
F0717,2009-XXV,provincial,2,La gala benéfica,nodo-problema,enunciado,descargado,https://thales.cica.es/olimpiada2/?q=node/1457,fuentes/raw/web-antigua/node-1457.html,F0706,estadistica,facil,23205,
F0718,2009-XXV,provincial,2,,imagen,figura,descargado,https://thales.cica.es/olimpiada2/files/images/pAMalaga.preview.JPG,fuentes/raw/ficheros/2009-XXV/pAMalaga.preview.JPG,F0717,,,44111,
F0719,2009-XXV,provincial,,(,pps,?,descargado,https://olimpiada.saemthales.es/files/xxivLogos.pps,fuentes/raw/ficheros/2009-XXV/xxivLogos.pps,F0706,,,643072,
F0720,2009-XXV,provincial,2,Presentación en PowerPoint),pps,?,descargado,https://thales.cica.es/olimpiada2/files/252p.pps,fuentes/raw/ficheros/2009-XXV/252p.pps,F0706,,,879104,
F0721,2009-XXV,provincial,3,Problema de idiomas,nodo-problema,enunciado,descargado,https://thales.cica.es/olimpiada2/?q=node/1458,fuentes/raw/web-antigua/node-1458.html,F0706,logica,medio,23134,
F0724,2009-XXV,provincial,3,,imagen,figura,descargado,https://thales.cica.es/olimpiada2/files/XXVOMT_PacoAnillo.JPG,fuentes/raw/ficheros/2009-XXV/XXVOMT_PacoAnillo.JPG,F0721,,,266678,
F0725,2009-XXV,provincial,3,(Presentación en PowerPoint),pps,?,descargado,https://thales.cica.es/olimpiada2/files/253p.pps,fuentes/raw/ficheros/2009-XXV/253p.pps,F0706,,,1007616,
F0726,2009-XXV,provincial,4,El Sr. Cuesta,nodo-problema,enunciado,descargado,https://thales.cica.es/olimpiada2/?q=node/1459,fuentes/raw/web-antigua/node-1459.html,F0706,geometria,medio,23917,
F0727,2009-XXV,provincial,4,,imagen,figura,descargado,https://thales.cica.es/olimpiada2/files/images/pacoanillo1.preview.jpg,fuentes/raw/ficheros/2009-XXV/pacoanillo1.preview.jpg,F0726,,,52165,
F0728,2009-XXV,provincial,4,,imagen,figura,descargado,https://thales.cica.es/olimpiada2/files/images/pacoanillo2.preview.jpg,fuentes/raw/ficheros/2009-XXV/pacoanillo2.preview.jpg,F0726,,,24672,
F0729,2009-XXV,provincial,4,Presentación en PowerPoint),pps,?,descargado,https://thales.cica.es/olimpiada2/files/254p.pps,fuentes/raw/ficheros/2009-XXV/254p.pps,F0706,,,1409536,
F0730,2009-XXV,provincial,5,Especulación inmobiliaria,nodo-problema,enunciado,descargado,https://thales.cica.es/olimpiada2/?q=node/1460,fuentes/raw/web-antigua/node-1460.html,F0706,logica,medio,58782,
F0732,2009-XXV,provincial,5,,imagen,figura,descargado,https://thales.cica.es/olimpiada2/files/images/VIIPAJaen.preview.JPG,fuentes/raw/ficheros/2009-XXV/VIIPAJaen.preview.JPG,F0730,,,41782,
F0733,2009-XXV,provincial,5,,imagen,figura,descargado,https://thales.cica.es/olimpiada2/files/images/VIIPAJaen2.preview.JPG,fuentes/raw/ficheros/2009-XXV/VIIPAJaen2.preview.JPG,F0730,,,42210,
F0734,2009-XXV,provincial,5,(,pps,?,descargado,https://thales.cica.es/olimpiada2/files/255p.pps,fuentes/raw/ficheros/2009-XXV/255p.pps,F0706,,,2034176,
F0735,2009-XXV,provincial,6,Curiosa forma de preguntar,nodo-problema,enunciado,descargado,https://thales.cica.es/olimpiada2/?q=node/1461,fuentes/raw/web-antigua/node-1461.html,F0706,estadistica,medio,23553,
F0736,2009-XXV,provincial,6,,imagen,figura,descargado,https://thales.cica.es/olimpiada2/files/images/Paco_Anillo_2009.preview.JPG,fuentes/raw/ficheros/2009-XXV/Paco_Anillo_2009.preview.JPG,F0735,,,48195,
F0737,2009-XXV,provincial,6,,imagen,figura,descargado,https://thales.cica.es/olimpiada2/files/images/Paco_Anillo2_2009.preview.JPG,fuentes/raw/ficheros/2009-XXV/Paco_Anillo2_2009.preview.JPG,F0735,,,33941,
F0738,2009-XXV,provincial,6,( Presentación en PowerPoint,pps,?,descargado,https://thales.cica.es/olimpiada2/files/256p.pps,fuentes/raw/ficheros/2009-XXV/256p.pps,F0706,,,896000,
F0739,2009-XXV,,,XXV OMT: Ganadores Provinciales.,nodo,,descargado,https://thales.cica.es/olimpiada2/?q=node/1463,fuentes/raw/web-antigua/node-1463.html,F0706,,,23953,
F0740,2009-XXV,,,XXV OMT: Lugares de entregas de premios.,nodo,,descargado,https://thales.cica.es/olimpiada2/?q=node/1500,fuentes/raw/web-antigua/node-1500.html,F0706,,,219258,
F0741,2009-XXV,,,XXV OMT: Notas de prensa.,nodo,,descargado,https://thales.cica.es/olimpiada2/?q=node/1389,fuentes/raw/web-antigua/node-1389.html,F0706,,,22644,
F0742,2009-XXV,regional,,Hojas individuales,doc,?,descargado,https://thales.cica.es/olimpiada2/files/HojasIndividualesFaseregional_0.doc,fuentes/raw/ficheros/2009-XXV/HojasIndividualesFaseregional_0.doc,F0706,,,232448,
F0743,2009-XXV,,,XXV OMT Regional: Juguemos al waterpolo.,nodo,,descargado,https://thales.cica.es/olimpiada2/?q=node/1510,fuentes/raw/web-antigua/node-1510.html,F0706,,,28177,
F0744,2009-XXV,regional,1,Presentación en PowerPoint),pps,?,descargado,https://thales.cica.es/olimpiada2/files/251r.pps,fuentes/raw/ficheros/2009-XXV/251r.pps,F0706,,,1597952,
F0745,2009-XXV,,,XXV OMT: Fase Regional 2: Plan Veraniego.,nodo,,descargado,https://thales.cica.es/olimpiada2/?q=node/1512,fuentes/raw/web-antigua/node-1512.html,F0706,,,24967,
F0746,2009-XXV,regional,2,(,pps,?,descargado,https://thales.cica.es/olimpiada2/files/252r.pps,fuentes/raw/ficheros/2009-XXV/252r.pps,F0706,,,651264,
F0747,2009-XXV,regional,2,Presentación en PowerPoint),pps,?,descargado,https://olimpiada.saemthales.es/files/252r.pps,fuentes/raw/ficheros/2009-XXV/252r.pps,F0706,,,651264,
F0748,2009-XXV,regional,3,"Eulerina, recaudadora de impuestos",nodo-problema,enunciado,descargado,https://thales.cica.es/olimpiada2/?q=node/1513,fuentes/raw/web-antigua/node-1513.html,F0706,,,23954,
F0749,2009-XXV,regional,3,,imagen,figura,descargado,https://thales.cica.es/olimpiada2/files/images/Recaudacion.preview.jpg,fuentes/raw/ficheros/2009-XXV/Recaudacion.preview.jpg,F0748,,,34039,
F0750,2009-XXV,regional,3,(Presentación en PowerPoint),pps,?,descargado,https://thales.cica.es/olimpiada2/files/253r.pps,fuentes/raw/ficheros/2009-XXV/253r.pps,F0706,,,1167872,
F0751,2009-XXV,regional,4,El problema de los dardos,nodo-problema,enunciado,descargado,https://thales.cica.es/olimpiada2/?q=node/1514,fuentes/raw/web-antigua/node-1514.html,F0706,,,22012,
F0752,2009-XXV,regional,4,,imagen,figura,descargado,https://thales.cica.es/olimpiada2/files/images/img004.jpg,fuentes/raw/ficheros/2009-XXV/img004.jpg,F0751,,,1483820,
F0753,2009-XXV,regional,4,(,pps,?,descargado,https://thales.cica.es/olimpiada2/files/254r.pps,fuentes/raw/ficheros/2009-XXV/254r.pps,F0706,,,1710080,
F0754,2009-XXV,regional,4,Presentación en PowerPoint),pps,?,descargado,https://olimpiada.saemthales.es/files/254r.pps,fuentes/raw/ficheros/2009-XXV/254r.pps,F0706,,,1710080,
F0755,2009-XXV,regional,5,25 años,nodo-problema,enunciado,descargado,https://thales.cica.es/olimpiada2/?q=node/1515,fuentes/raw/web-antigua/node-1515.html,F0706,,dificil,43294,
F0756,2009-XXV,regional,5,(,pps,?,descargado,https://thales.cica.es/olimpiada2/files/255r.pps,fuentes/raw/ficheros/2009-XXV/255r.pps,F0706,,,1108992,
F0757,2009-XXV,regional,5,Presentación en PowerPoint),pps,?,descargado,https://olimpiada.saemthales.es/files/255r.pps,fuentes/raw/ficheros/2009-XXV/255r.pps,F0706,,,1108992,
F0758,2009-XXV,regional,6,Cómo localizar un submarino,nodo-problema,enunciado,descargado,https://thales.cica.es/olimpiada2/?q=node/1516,fuentes/raw/web-antigua/node-1516.html,F0706,,,43456,
F0759,2009-XXV,regional,6,( Presentación en PowerPoint,pps,?,descargado,https://thales.cica.es/olimpiada2/files/256r.pps,fuentes/raw/ficheros/2009-XXV/256r.pps,F0706,,,2123264,
F0760,2009-XXV,regional,6,),pps,?,descargado,https://olimpiada.saemthales.es/files/256p.pps,fuentes/raw/ficheros/2009-XXV/256p.pps,F0706,,,896000,
F0761,2009-XXV,,,XXV OMT: Ganadores regionales.,nodo,,descargado,https://thales.cica.es/olimpiada2/?q=node/1518,fuentes/raw/web-antigua/node-1518.html,F0706,,,22341,
F0762,2009-XXV,,,"XXV Olimpiada Matemática Thales (Huelva, 2009)",pagina-edicion,,descargado,https://thales.cica.es/olimpiada2/?q=node/1383,fuentes/raw/web-antigua/node-1383.html,,,,32638,
F0763,2009-XXV,provincial,,(,pps,?,descargado,https://thales.cica.es/files/xxivLogos.pps,fuentes/raw/ficheros/2009-XXV/xxivLogos.pps,F0762,,,643072,
F0764,2009-XXV,regional,2,Presentación en PowerPoint),pps,?,descargado,https://thales.cica.es/files/252r.pps,fuentes/raw/ficheros/2009-XXV/252r.pps,F0762,,,651264,
F0765,2009-XXV,regional,4,Presentación en PowerPoint),pps,?,descargado,https://thales.cica.es/files/254r.pps,fuentes/raw/ficheros/2009-XXV/254r.pps,F0762,,,1710080,
F0766,2009-XXV,regional,5,Presentación en PowerPoint),pps,?,descargado,https://thales.cica.es/files/255r.pps,fuentes/raw/ficheros/2009-XXV/255r.pps,F0762,,,1108992,
F0767,2009-XXV,regional,6,),pps,?,descargado,https://thales.cica.es/files/256p.pps,fuentes/raw/ficheros/2009-XXV/256p.pps,F0762,,,896000,
F0768,2010-XXVI,,,"XXVI Olimpiada Matemática Thales (Granada, 2010)",pagina-edicion,,descargado,https://olimpiada.saemthales.es/node/1520,fuentes/raw/web-actual/node-1520.html,,,,54626,
F0769,2010-XXVI,,,Inscripción XXVI OMThales.,nodo,,descargado,https://thales.cica.es/olimpiada2/?q=node/1524,fuentes/raw/web-antigua/node-1524.html,F0768,,,23167,
F0770,2010-XXVI,regional,,Bases de la XXVI Olimpiada Matemática Thales.,doc,otro,descargado,https://thales.cica.es/olimpiada2/files/XXVI OMT_bases.doc,fuentes/raw/ficheros/2010-XXVI/XXVI OMT_bases.doc,F0768,,,54784,
F0771,2010-XXVI,provincial,,Bases del VIII Premio Paco Anillo (Fase Provincial).,doc,otro,descargado,https://thales.cica.es/olimpiada2/files/XXVI OMT_bases premio Paco Anillo.doc,fuentes/raw/ficheros/2010-XXVI/XXVI OMT_bases premio Paco Anillo.doc,F0768,,,52736,
F0772,2010-XXVI,regional,,,doc,otro,descargado,https://thales.cica.es/olimpiada2/files/XXVI OMT_Bases Premio Paco Anillo Regional.doc,fuentes/raw/ficheros/2010-XXVI/XXVI OMT_Bases Premio Paco Anillo Regional.doc,F0768,,,46080,
F0773,2010-XXVI,,,XXVI OMThales: Sedes.,nodo,,descargado,https://thales.cica.es/olimpiada2/?q=node/1526,fuentes/raw/web-antigua/node-1526.html,F0768,,,23495,
F0774,2010-XXVI,provincial,,Hojas individuales,doc,?,descargado,https://thales.cica.es/olimpiada2/files/HojasIndividuales_XXVI_FaseProvincial.doc,fuentes/raw/ficheros/2010-XXVI/HojasIndividuales_XXVI_FaseProvincial.doc,F0768,,,451072,
F0775,2010-XXVI,provincial,1,El topógrafo,nodo-problema,enunciado,descargado,https://thales.cica.es/olimpiada2/?q=node/1582,fuentes/raw/web-antigua/node-1582.html,F0768,,,25405,
F0776,2010-XXVI,provincial,2,Un topillo muy tragón,nodo-problema,enunciado,descargado,https://thales.cica.es/olimpiada2/?q=node/1583,fuentes/raw/web-antigua/node-1583.html,F0768,,,23998,
F0777,2010-XXVI,provincial,2,,imagen,figura,descargado,https://thales.cica.es/olimpiada2/files/images/xxvijaen.jpg,fuentes/raw/ficheros/2010-XXVI/xxvijaen.jpg,F0776,,,736635,
F0778,2010-XXVI,provincial,2,,imagen,figura,descargado,https://thales.cica.es/olimpiada2/files/images/huelva.jpg,fuentes/raw/ficheros/2010-XXVI/huelva.jpg,F0776,,,101016,
F0779,2010-XXVI,provincial,3,El número secreto,nodo-problema,enunciado,descargado,https://thales.cica.es/olimpiada2/?q=node/1586,fuentes/raw/web-antigua/node-1586.html,F0768,,,23968,
F0780,2010-XXVI,provincial,3,,imagen,figura,descargado,https://thales.cica.es/olimpiada2/files/images/xxviAlm.jpg,fuentes/raw/ficheros/2010-XXVI/xxviAlm.jpg,F0779,,,244615,
F0781,2010-XXVI,provincial,3,,imagen,figura,descargado,https://thales.cica.es/olimpiada2/files/images/malaga.jpg,fuentes/raw/ficheros/2010-XXVI/malaga.jpg,F0779,,,108520,
F0782,2010-XXVI,provincial,4,El dato desconocido,nodo-problema,enunciado,descargado,https://thales.cica.es/olimpiada2/?q=node/1584,fuentes/raw/web-antigua/node-1584.html,F0768,,,22409,
F0783,2010-XXVI,provincial,5,Canalizaciones,nodo-problema,enunciado,descargado,https://thales.cica.es/olimpiada2/?q=node/1587,fuentes/raw/web-antigua/node-1587.html,F0768,,,23737,
F0784,2010-XXVI,provincial,6,Deliciosos caramelos,nodo-problema,enunciado,descargado,https://thales.cica.es/olimpiada2/?q=node/1585,fuentes/raw/web-antigua/node-1585.html,F0768,,,23239,
F0785,2010-XXVI,provincial,6,,imagen,figura,descargado,https://thales.cica.es/files/paco_anillo_XXVI_OM.jpg,fuentes/raw/ficheros/2010-XXVI/paco_anillo_XXVI_OM.jpg,F0784,,,221294,
F0786,2010-XXVI,,,XXVI OMT: Ganadores provinciales.,nodo,,descargado,https://thales.cica.es/olimpiada2/?q=node/1588,fuentes/raw/web-antigua/node-1588.html,F0768,,,22455,
F0787,2010-XXVI,,,XXVI OMT: Entrega de premios.,nodo,,descargado,https://thales.cica.es/olimpiada2/?q=node/1581,fuentes/raw/web-antigua/node-1581.html,F0768,,,22481,
F0788,2010-XXVI,,,XXVI OMT: Notas de prensa,nodo,,descargado,https://thales.cica.es/olimpiada2/?q=node/1531,fuentes/raw/web-antigua/node-1531.html,F0768,,,23445,
F0789,2010-XXVI,regional,,Programa,doc,?,descargado,https://thales.cica.es/olimpiada2/files/Programa XXVI Olimpiada. provisional.doc,fuentes/raw/ficheros/2010-XXVI/Programa XXVI Olimpiada. provisional.doc,F0768,,,1752064,
F0790,2010-XXVI,regional,,Hojas individuales,doc,?,descargado,https://thales.cica.es/olimpiada2/files/HojasIndividuales_XXVI_FaseRegional.doc,fuentes/raw/ficheros/2010-XXVI/HojasIndividuales_XXVI_FaseRegional.doc,F0768,,,1197568,
F0791,2010-XXVI,regional,1,Granada,nodo-problema,enunciado,descargado,https://thales.cica.es/olimpiada2/?q=node/1602,fuentes/raw/web-antigua/node-1602.html,F0768,,,23718,
F0792,2010-XXVI,regional,2,Dulce Miel,nodo-problema,enunciado,descargado,https://thales.cica.es/olimpiada2/?q=node/1603,fuentes/raw/web-antigua/node-1603.html,F0768,,,22099,
F0793,2010-XXVI,regional,3,La piscina para pequeñ@s,nodo-problema,enunciado,descargado,https://thales.cica.es/olimpiada2/?q=node/1604,fuentes/raw/web-antigua/node-1604.html,F0768,,,22129,
F0794,2010-XXVI,regional,4,La chimenea,nodo-problema,enunciado,descargado,https://thales.cica.es/olimpiada2/?q=node/1605,fuentes/raw/web-antigua/node-1605.html,F0768,,,22407,
F0795,2010-XXVI,regional,5,Mi amigo Eulogio,nodo-problema,enunciado,descargado,https://thales.cica.es/olimpiada2/?q=node/1606,fuentes/raw/web-antigua/node-1606.html,F0768,,,22401,
F0796,2010-XXVI,regional,6,Las hermanas Pascalinas,nodo-problema,enunciado,descargado,https://thales.cica.es/olimpiada2/?q=node/1607,fuentes/raw/web-antigua/node-1607.html,F0768,,,23461,
F0797,2010-XXVI,,,XXVI OMT: Ganadores Regionales.,nodo,,descargado,https://thales.cica.es/olimpiada2/?q=node/1592,fuentes/raw/web-antigua/node-1592.html,F0768,,,23222,
F0798,2010-XXVI,,,"XXVI Olimpiada Matemática Thales (Granada, 2010)",pagina-edicion,,descargado,https://thales.cica.es/olimpiada2/?q=node/1520,fuentes/raw/web-antigua/node-1520.html,,,,31801,
F0799,2011-XXVII,,,XXVII Olimpiada Matemática Thales,pagina-edicion,,descargado,https://olimpiada.saemthales.es/node/1610,fuentes/raw/web-actual/node-1610.html,,,,43781,
F0800,2011-XXVII,,,XXVII Olimpiada Matemática Thales,pagina-edicion,,descargado,https://thales.cica.es/olimpiada2/?q=node/1610,fuentes/raw/web-antigua/node-1610.html,,,,27228,
F0801,2011-XXVII,,,PROBLEMAS DE LA XXVII OLIMPIADA,nodo,,descargado,https://thales.cica.es/olimpiada2/?q=node/1615,fuentes/raw/web-antigua/node-1615.html,F0800,,,21878,
F0804,2011-XXVII,,,ENTREGA DE PREMIOS DE LA XXVII OLIMPIADA MATEMÁTICA THALES,nodo,,descargado,https://thales.cica.es/olimpiada2/?q=node/1616,fuentes/raw/web-antigua/node-1616.html,F0800,,,23269,
F0805,2011-XXVII,,,LA XXVII OLIMPIADA REGIONAL THALES YA ESTÁ EN MARCHA,nodo,,descargado,https://thales.cica.es/olimpiada2/?q=node/1618,fuentes/raw/web-antigua/node-1618.html,F0800,,,21087,
F0806,2011-XXVII,,,PREMIOS DE LA XXVII OLIMPIADA MATEMÁTICA THALES REGIONAL,nodo,,descargado,https://thales.cica.es/olimpiada2/?q=node/1619,fuentes/raw/web-antigua/node-1619.html,F0800,,,24338,
F0807,2012-XXVIII,,,XXVIII Olimpiada Matemática Thales.,pagina-edicion,,descargado,https://olimpiada.saemthales.es/node/1620,fuentes/raw/web-actual/node-1620.html,,,,43854,
F0808,2012-XXVIII,,,XXVIII Olimpiada Matemática Thales.,pagina-edicion,,descargado,https://thales.cica.es/olimpiada2/?q=node/1620,fuentes/raw/web-antigua/node-1620.html,,,,30500,
F0809,2012-XXVIII,,,XXVIII Olimpiada Matemática Thales: Fase provincial.,nodo,,descargado,https://thales.cica.es/olimpiada2/?q=node/1623,fuentes/raw/web-antigua/node-1623.html,F0808,,,29217,
F0816,2012-XXVIII,,,XXVIII OLIMPIADA MATEMÁTICA: Fase regional.,nodo,,descargado,https://thales.cica.es/olimpiada2/?q=node/1624,fuentes/raw/web-antigua/node-1624.html,F0808,,,25309,
F0817,2012-XXVIII,regional,,Ver fichero,pdf,?,descargado,https://thales.cica.es/olimpiada2/files/PROGRAMA XXVIII OLIMPIADA MATEMÁTICA THALES.pdf,fuentes/raw/ficheros/2012-XXVIII/PROGRAMA XXVIII OLIMPIADA MATEMÁTICA THALES.pdf,F0816,,,126708,
F0818,2012-XXVIII,,,XXVIII OLIMPIADA MATEMÁTICA: Fase regional.Problemas de la prueba individual.,nodo,,descargado,https://thales.cica.es/olimpiada2/?q=node/1631,fuentes/raw/web-antigua/node-1631.html,F0816,,,27227,
F0820,2012-XXVIII,regional,2,Ir a web en geogebra,html,?,descargado,https://thales.cica.es/olimpiada2/files/28r2.html,fuentes/raw/ficheros/2012-XXVIII/28r2.html,F0818,,,125141,
F0824,2012-XXVIII,regional,5,Ir a web en geogebra,html,?,descargado,https://thales.cica.es/olimpiada2/files/28r5.html,fuentes/raw/ficheros/2012-XXVIII/28r5.html,F0818,,,10677,
F0827,2012-XXVIII,,,XXVIII OLIMPIADA MATEMÁTICA: Fase regional.Problemas de la prueba por equipos.,nodo,,descargado,https://thales.cica.es/olimpiada2/?q=node/1632,fuentes/raw/web-antigua/node-1632.html,F0816,,,22881,
F0828,2012-XXVIII,regional,,Olimpiada de Matemáticas-prueba 1012.pdf,pdf,?,descargado,https://thales.cica.es/olimpiada2/files/Olimpiada de Matemáticas-prueba 1012.pdf,fuentes/raw/ficheros/2012-XXVIII/Olimpiada de Matemáticas-prueba 1012.pdf,F0827,,,83394,
F0829,2012-XXVIII,regional,,ayuda.pdf,pdf,?,descargado,https://thales.cica.es/files/ayuda.pdf,fuentes/raw/ficheros/2012-XXVIII/ayuda.pdf,F0827,,,57346,
F0830,2012-XXVIII,regional,,vuelos.pdf,pdf,?,descargado,https://thales.cica.es/files/vuelos.pdf,fuentes/raw/ficheros/2012-XXVIII/vuelos.pdf,F0827,,,55630,
F0831,2012-XXVIII,regional,,PlanoCadiz1812.ggb,ggb,?,descargado,https://thales.cica.es/files/PlanoCadiz1812.ggb,fuentes/raw/ficheros/2012-XXVIII/PlanoCadiz1812.ggb,F0827,,,644360,
F0832,2012-XXVIII,regional,,CadizActual.ggb,ggb,?,descargado,https://thales.cica.es/olimpiada2/files/CadizActual.ggb,fuentes/raw/ficheros/2012-XXVIII/CadizActual.ggb,F0827,,,219135,
F0833,2012-XXVIII,,,XXVIII OLIMPIADA MATEMÁTICA: Fase regional. Galería y montajes.,nodo,,descargado,https://thales.cica.es/olimpiada2/?q=node/1633,fuentes/raw/web-antigua/node-1633.html,F0816,,,21616,
F0835,2012-XXVIII,regional,,PROGRAMA XXVIII OLIMPIADA MATEMÁTICA THALES.pdf,pdf,?,descargado,https://thales.cica.es/olimpiada2/files/PROGRAMA%20XXVIII%20OLIMPIADA%20MATEM%C3%81TICA%20THALES.pdf,fuentes/raw/ficheros/2012-XXVIII/PROGRAMA XXVIII OLIMPIADA MATEMÁTICA THALES.pdf,F0816,,,126708,
F0836,2013-XXIX,,,XXIX OLIMPIADA MATEMÁTICA THALES,pagina-edicion,,descargado,https://olimpiada.saemthales.es/node/1634,fuentes/raw/web-actual/node-1634.html,,,,52924,
F0837,2013-XXIX,,,Problemas de la fase provincial del la XXIX Olimpiada Matemática Thales,nodo,,descargado,https://thales.cica.es/olimpiada2/?q=node/1636,fuentes/raw/web-antigua/node-1636.html,F0836,,,23009,
F0838,2013-XXIX,,,Problemas de la fase regional del la XXIX Olimpiada Matemática Thales,nodo,,descargado,https://thales.cica.es/olimpiada2/?q=node/1638,fuentes/raw/web-antigua/node-1638.html,F0836,,,23029,
F0839,2013-XXIX,,,Correos de contacto de la coordinación provincial de la olimpiada,nodo,,descargado,https://thales.cica.es/olimpiada2/?q=node/1635,fuentes/raw/web-antigua/node-1635.html,F0836,,,21501,
F0840,2013-XXIX,,,XXIX OLIMPIADA MATEMÁTICA THALES,pagina-edicion,,descargado,https://thales.cica.es/olimpiada2/?q=node/1634,fuentes/raw/web-antigua/node-1634.html,,,,30012,
F0841,2014-XXX,,,XXX OLIMPIADA MATEMÁTICA THALES,pagina-edicion,,descargado,https://olimpiada.saemthales.es/node/1639,fuentes/raw/web-actual/node-1639.html,,,,58988,
F0842,2014-XXX,regional,,En la fase regional (Presentación PowerPoint),ppsx,?,descargado,https://thales.cica.es/olimpiada2/files/PresentacionesXXXOMTHRegional.ppsx,fuentes/raw/ficheros/2014-XXX/PresentacionesXXXOMTHRegional.ppsx,F0841,,,2292986,
F0843,2014-XXX,provincial,,Problemas de la fase provincial,pps,?,descargado,https://thales.cica.es/olimpiada2/files/PresentacionesXXXOMTHProvincial.pps,fuentes/raw/ficheros/2014-XXX/PresentacionesXXXOMTHProvincial.pps,F0841,,,9519616,
F0844,2014-XXX,provincial,,PresentacionesXXXOMTHProvincial.pps,pps,?,descargado,https://olimpiada.saemthales.es/sites/olimpiada.saemthales.es/files/PresentacionesXXXOMTHProvincial.pps,fuentes/raw/ficheros/2014-XXX/PresentacionesXXXOMTHProvincial.pps,F0841,,,9519616,
F0845,2014-XXX,regional,,PresentacionesXXXOMTHRegional.ppsx,ppsx,?,descargado,https://olimpiada.saemthales.es/sites/olimpiada.saemthales.es/files/PresentacionesXXXOMTHRegional.ppsx,fuentes/raw/ficheros/2014-XXX/PresentacionesXXXOMTHRegional.ppsx,F0841,,,2292986,
F0846,2014-XXX,,,XXX OLIMPIADA MATEMÁTICA THALES,pagina-edicion,,descargado,https://thales.cica.es/olimpiada2/?q=node/1639,fuentes/raw/web-antigua/node-1639.html,,,,35832,
F0847,2015-XXXI,,,XXXI OLIMPIADA MATEMÁTICA THALES,pagina-edicion,,descargado,https://olimpiada.saemthales.es/node/1642,fuentes/raw/web-actual/node-1642.html,,,,56399,
F0848,2015-XXXI,provincial,,En la fase provincial (Presentación PowerPoint),pps,?,descargado,https://thales.cica.es/olimpiada2/files/Presentacion_XXXI_provincial.pps,fuentes/raw/ficheros/2015-XXXI/Presentacion_XXXI_provincial.pps,F0847,,,5397504,
F0849,2015-XXXI,regional,,En la fase regional,pps,?,descargado,https://thales.cica.es/olimpiada2/files/XXXIOMT_fase_regional.pps,fuentes/raw/ficheros/2015-XXXI/XXXIOMT_fase_regional.pps,F0847,,,5327360,
F0850,2015-XXXI,,,XXXI OLIMPIADA MATEMÁTICA THALES,pagina-edicion,,descargado,https://thales.cica.es/olimpiada2/?q=node/1642,fuentes/raw/web-antigua/node-1642.html,,,,33170,
F0851,2016-XXXII,,,XXXII OLIMPIADA MATEMÁTICA THALES,pagina-edicion,,descargado,https://olimpiada.saemthales.es/node/1640,fuentes/raw/web-actual/node-1640.html,,,,60331,
F0852,2016-XXXII,provincial,1,El Robot,pps,?,descargado,https://thales.cica.es/olimpiada2/files/32p1.pps,fuentes/raw/ficheros/2016-XXXII/32p1.pps,F0851,,,1870848,
F0853,2016-XXXII,provincial,2,Guardando Monedas,pps,?,descargado,https://thales.cica.es/olimpiada2/files/32p2.pps,fuentes/raw/ficheros/2016-XXXII/32p2.pps,F0851,,,1167360,
F0854,2016-XXXII,provincial,3,Concurso de Ingenio,pps,?,descargado,https://thales.cica.es/olimpiada2/files/32p3.pps,fuentes/raw/ficheros/2016-XXXII/32p3.pps,F0851,,,1773568,
F0855,2016-XXXII,provincial,4,Señales Clave en las Carreteras,pps,?,descargado,https://thales.cica.es/olimpiada2/files/32p4.pps,fuentes/raw/ficheros/2016-XXXII/32p4.pps,F0851,,,1326080,
F0856,2016-XXXII,provincial,5,Puente de Triana,pps,?,descargado,https://thales.cica.es/olimpiada2/files/32p5.pps,fuentes/raw/ficheros/2016-XXXII/32p5.pps,F0851,,,930304,
F0857,2016-XXXII,provincial,6,Decoración,pps,?,descargado,https://thales.cica.es/olimpiada2/files/32p6.pps,fuentes/raw/ficheros/2016-XXXII/32p6.pps,F0851,,,1530368,
F0858,2016-XXXII,regional,1,Discusión Pitagórica,pps,?,descargado,https://thales.cica.es/olimpiada2/files/32r1.pps,fuentes/raw/ficheros/2016-XXXII/32r1.pps,F0851,,,1563136,
F0859,2016-XXXII,regional,2,Cubos de basura,pps,?,descargado,https://thales.cica.es/olimpiada2/files/32r2.pps,fuentes/raw/ficheros/2016-XXXII/32r2.pps,F0851,,,1091072,
F0860,2016-XXXII,regional,3,Visita al museo,ggb,?,descargado,https://thales.cica.es/olimpiada2/files/32r3.ggb,fuentes/raw/ficheros/2016-XXXII/32r3.ggb,F0851,,,915870,
F0861,2016-XXXII,regional,4,Rosetas,pps,?,descargado,https://thales.cica.es/olimpiada2/files/32r4.pps,fuentes/raw/ficheros/2016-XXXII/32r4.pps,F0851,,,1066496,
F0862,2016-XXXII,regional,5,Números,pps,?,descargado,https://thales.cica.es/olimpiada2/files/32r5.pps,fuentes/raw/ficheros/2016-XXXII/32r5.pps,F0851,,,1924608,
F0863,2016-XXXII,regional,6,Jugando con números,pps,?,descargado,https://thales.cica.es/olimpiada2/files/32r6.pps,fuentes/raw/ficheros/2016-XXXII/32r6.pps,F0851,,,994816,
F0864,2016-XXXII,,,“Fase Provincial de la 2⁵ OMTHALES” en las 2³ provincias andaluzas,nodo,,descargado,https://thales.cica.es/olimpiada2/?q=node/1646,fuentes/raw/web-antigua/node-1646.html,F0851,,,849004,
F0865,2016-XXXII,provincial,,Problemas interactivos de otras olimpiadas resueltos con GeoGebra,externo,?,externo,http://tube.geogebra.org/student/b152402,,F0851,,,,
F0866,2016-XXXII,,,Fase Regional de la 2⁵ OMTHALES,nodo,,descargado,https://thales.cica.es/olimpiada2/?q=node/1643,fuentes/raw/web-antigua/node-1643.html,F0851,,,7591484,
F0867,2016-XXXII,,,IMÁGENES DE LA XXXII OLIMPIADA MATEMÁTICA THALES,nodo,,descargado,https://thales.cica.es/olimpiada2/?q=node/1644,fuentes/raw/web-antigua/node-1644.html,F0851,,,21094,
F0868,2016-XXXII,,,XXXII OLIMPIADA MATEMÁTICA THALES,pagina-edicion,,descargado,https://thales.cica.es/olimpiada2/?q=node/1640,fuentes/raw/web-antigua/node-1640.html,,,,36933,
F0869,2017-XXXIII,,,XXXIII OLIMPIADA MATEMÁTICA THALES,pagina-edicion,,descargado,https://olimpiada.saemthales.es/node/1647,fuentes/raw/web-actual/node-1647.html,,,,64632,
F0870,2017-XXXIII,provincial,1,Decorando con Aceitunas,pps,?,descargado,https://thales.cica.es/olimpiada2/files/33p1.pps,fuentes/raw/ficheros/2017-XXXIII/33p1.pps,F0869,,,1544192,
F0871,2017-XXXIII,provincial,2,A por la Bici,pps,?,descargado,https://thales.cica.es/olimpiada2/files/33p2.pps,fuentes/raw/ficheros/2017-XXXIII/33p2.pps,F0869,,,982016,
F0872,2017-XXXIII,provincial,3,Elecciones,pps,?,descargado,https://thales.cica.es/olimpiada2/files/33p3.pps,fuentes/raw/ficheros/2017-XXXIII/33p3.pps,F0869,,,2027008,
F0873,2017-XXXIII,provincial,4,Un Cuadrado Pasado de Vueltas,pps,?,descargado,https://thales.cica.es/olimpiada2/files/33p4.pps,fuentes/raw/ficheros/2017-XXXIII/33p4.pps,F0869,,,1420800,
F0874,2017-XXXIII,provincial,5,Variaciones en el Censo de la Población,pps,?,descargado,https://thales.cica.es/olimpiada2/files/33p5.pps,fuentes/raw/ficheros/2017-XXXIII/33p5.pps,F0869,,,934912,
F0875,2017-XXXIII,provincial,6,Buscando el Tesoro,pps,?,descargado,https://thales.cica.es/olimpiada2/files/33p6.pps,fuentes/raw/ficheros/2017-XXXIII/33p6.pps,F0869,,,1300480,
F0876,2017-XXXIII,regional,1,Bolas enumeradas,ppsx,?,descargado,https://thales.cica.es/olimpiada2/files/33r1.ppsx,fuentes/raw/ficheros/2017-XXXIII/33r1.ppsx,F0869,,,1006675,
F0877,2017-XXXIII,regional,2,Trabajando con polígonos,ppsx,?,descargado,https://thales.cica.es/olimpiada2/files/33r2.ppsx,fuentes/raw/ficheros/2017-XXXIII/33r2.ppsx,F0869,,,1081650,
F0878,2017-XXXIII,regional,3,Torres del castillo,ppsx,?,descargado,https://thales.cica.es/olimpiada2/files/33r3.ppsx,fuentes/raw/ficheros/2017-XXXIII/33r3.ppsx,F0869,,,956514,
F0879,2017-XXXIII,regional,4,Jugando con dados,ppsx,?,descargado,https://thales.cica.es/olimpiada2/files/33r4.ppsx,fuentes/raw/ficheros/2017-XXXIII/33r4.ppsx,F0869,,,620483,
F0880,2017-XXXIII,regional,5,Juego de Cronos,ppsx,?,descargado,https://thales.cica.es/olimpiada2/files/33r5.ppsx,fuentes/raw/ficheros/2017-XXXIII/33r5.ppsx,F0869,,,732174,
F0881,2017-XXXIII,regional,6,La tabla mágica,ppsx,?,descargado,https://thales.cica.es/olimpiada2/files/33r6.ppsx,fuentes/raw/ficheros/2017-XXXIII/33r6.ppsx,F0869,,,804892,
F0882,2017-XXXIII,regional,,Actividades,pdf,?,descargado,https://thales.cica.es/olimpiada2/files/33OMTH%20Prueba%20por%20Equipos.pdf,fuentes/raw/ficheros/2017-XXXIII/33OMTH Prueba por Equipos.pdf,F0869,,,321096,
F0883,2017-XXXIII,,,Crónica de la 33ª Olimpiada Matemática THALES,nodo,,descargado,https://thales.cica.es/olimpiada2/?q=node/1648,fuentes/raw/web-antigua/node-1648.html,F0869,,,31432,
F0884,2017-XXXIII,,,Fase Regional de la 33ª OMTHALES,nodo,,descargado,https://thales.cica.es/olimpiada2/?q=node/1649,fuentes/raw/web-antigua/node-1649.html,F0869,,,35580,
F0885,2017-XXXIII,regional,1,Resolución del primer problema de la Fase Regional de la XXXIII OMTHALES,ppsx,solucion,descargado,https://olimpiada.saemthales.es/sites/olimpiada.saemthales.es/files/33r1.ppsx,fuentes/raw/ficheros/2017-XXXIII/33r1.ppsx,F0869,,,1006675,
F0886,2017-XXXIII,regional,2,Resolución del segundo problema de la Fase Regional de la XXXIII OMTHALES,ppsx,solucion,descargado,https://olimpiada.saemthales.es/sites/olimpiada.saemthales.es/files/33r2.ppsx,fuentes/raw/ficheros/2017-XXXIII/33r2.ppsx,F0869,,,1081650,
F0887,2017-XXXIII,regional,3,Resolución del tercer problema de la Fase Regional de la XXXIII OMTHALES,ppsx,solucion,descargado,https://olimpiada.saemthales.es/sites/olimpiada.saemthales.es/files/33r3.ppsx,fuentes/raw/ficheros/2017-XXXIII/33r3.ppsx,F0869,,,956514,
F0888,2017-XXXIII,regional,4,Resolución del cuarto problema de la Fase Regional de la XXXIII OMTHALES,ppsx,solucion,descargado,https://olimpiada.saemthales.es/sites/olimpiada.saemthales.es/files/33r4.ppsx,fuentes/raw/ficheros/2017-XXXIII/33r4.ppsx,F0869,,,620483,
F0889,2017-XXXIII,regional,5,Resolución del quinto problema de la Fase Regional de la XXXIII OMTHALES,ppsx,solucion,descargado,https://olimpiada.saemthales.es/sites/olimpiada.saemthales.es/files/33r5.ppsx,fuentes/raw/ficheros/2017-XXXIII/33r5.ppsx,F0869,,,732174,
F0890,2017-XXXIII,regional,6,Resolución del sexto problema de la Fase Regional de la XXXIII OMTHALES,ppsx,solucion,descargado,https://olimpiada.saemthales.es/sites/olimpiada.saemthales.es/files/33r6.ppsx,fuentes/raw/ficheros/2017-XXXIII/33r6.ppsx,F0869,,,804892,
F0891,2017-XXXIII,regional,,Actividades de la prueba por equipos,pdf,?,descargado,https://olimpiada.saemthales.es/sites/olimpiada.saemthales.es/files/33OMTH%20Prueba%20por%20Equipos.pdf,fuentes/raw/ficheros/2017-XXXIII/33OMTH Prueba por Equipos.pdf,F0869,,,321096,
F0892,2017-XXXIII,,,XXXIII OLIMPIADA MATEMÁTICA THALES,pagina-edicion,,descargado,https://thales.cica.es/olimpiada2/?q=node/1647,fuentes/raw/web-antigua/node-1647.html,,,,41514,
F0893,2018-XXXIV,,,XXXIV OLIMPIADA MATEMÁTICA THALES,pagina-edicion,,descargado,https://olimpiada.saemthales.es/node/1650,fuentes/raw/web-actual/node-1650.html,,,,62219,
F0894,2018-XXXIV,provincial,1,Parcelas inundadas,ppsx,?,descargado,https://thales.cica.es/olimpiada2/files/34p1.ppsx,fuentes/raw/ficheros/2018-XXXIV/34p1.ppsx,F0893,,,2487201,
F0895,2018-XXXIV,provincial,2,En la curiosa frutería,ppsx,?,descargado,https://thales.cica.es/olimpiada2/files/34p2.ppsx,fuentes/raw/ficheros/2018-XXXIV/34p2.ppsx,F0893,,,2238121,
F0896,2018-XXXIV,provincial,3,Puzle,ppsx,?,descargado,https://thales.cica.es/olimpiada2/files/34p3.ppsx,fuentes/raw/ficheros/2018-XXXIV/34p3.ppsx,F0893,,,2465242,
F0897,2018-XXXIV,provincial,4,¡Una pechá de gente!,ppsx,?,descargado,https://thales.cica.es/olimpiada2/files/34p4.ppsx,fuentes/raw/ficheros/2018-XXXIV/34p4.ppsx,F0893,,,3295004,
F0898,2018-XXXIV,provincial,5,Adivina la edad,ppsx,?,descargado,https://thales.cica.es/olimpiada2/files/34p5.ppsx,fuentes/raw/ficheros/2018-XXXIV/34p5.ppsx,F0893,,,2076093,
F0899,2018-XXXIV,provincial,6,Mensajes secretos,ppsx,?,descargado,https://thales.cica.es/olimpiada2/files/34p6.ppsx,fuentes/raw/ficheros/2018-XXXIV/34p6.ppsx,F0893,,,2252538,
F0900,2018-XXXIV,regional,1,Simetría horaria,ppsx,?,descargado,https://thales.cica.es/olimpiada2/files/34r1.ppsx,fuentes/raw/ficheros/2018-XXXIV/34r1.ppsx,F0893,,,2204610,
F0901,2018-XXXIV,regional,2,Insignias poligonales,ppsx,?,descargado,https://thales.cica.es/olimpiada2/files/34r2.ppsx,fuentes/raw/ficheros/2018-XXXIV/34r2.ppsx,F0893,,,2352227,
F0902,2018-XXXIV,regional,3,Fichas numéricas,ppsx,?,descargado,https://thales.cica.es/olimpiada2/files/34r3.ppsx,fuentes/raw/ficheros/2018-XXXIV/34r3.ppsx,F0893,,,2149284,
F0903,2018-XXXIV,regional,4,El dado raro,ppsx,?,descargado,https://thales.cica.es/olimpiada2/files/34r4.ppsx,fuentes/raw/ficheros/2018-XXXIV/34r4.ppsx,F0893,,,2129049,
F0904,2018-XXXIV,regional,5,Vuelta ciclista,ppsx,?,descargado,https://thales.cica.es/olimpiada2/files/34r5.ppsx,fuentes/raw/ficheros/2018-XXXIV/34r5.ppsx,F0893,,,2175991,
F0905,2018-XXXIV,regional,6,Trabajando con números,ppsx,?,descargado,https://thales.cica.es/olimpiada2/files/34r6.ppsx,fuentes/raw/ficheros/2018-XXXIV/34r6.ppsx,F0893,,,2209058,
F0906,2018-XXXIV,regional,1,34p1.ppsx,ppsx,?,descargado,https://olimpiada.saemthales.es/sites/olimpiada.saemthales.es/files/34p1.ppsx,fuentes/raw/ficheros/2018-XXXIV/34p1.ppsx,F0893,,,2487201,
F0907,2018-XXXIV,regional,2,34p2.ppsx,ppsx,?,descargado,https://olimpiada.saemthales.es/sites/olimpiada.saemthales.es/files/34p2.ppsx,fuentes/raw/ficheros/2018-XXXIV/34p2.ppsx,F0893,,,2238121,
F0908,2018-XXXIV,regional,3,34p3.ppsx,ppsx,?,descargado,https://olimpiada.saemthales.es/sites/olimpiada.saemthales.es/files/34p3.ppsx,fuentes/raw/ficheros/2018-XXXIV/34p3.ppsx,F0893,,,2465242,
F0909,2018-XXXIV,regional,4,34p4.ppsx,ppsx,?,descargado,https://olimpiada.saemthales.es/sites/olimpiada.saemthales.es/files/34p4.ppsx,fuentes/raw/ficheros/2018-XXXIV/34p4.ppsx,F0893,,,3295004,
F0910,2018-XXXIV,regional,5,34p5.ppsx,ppsx,?,descargado,https://olimpiada.saemthales.es/sites/olimpiada.saemthales.es/files/34p5.ppsx,fuentes/raw/ficheros/2018-XXXIV/34p5.ppsx,F0893,,,2076093,
F0911,2018-XXXIV,regional,6,34p6.ppsx,ppsx,?,descargado,https://olimpiada.saemthales.es/sites/olimpiada.saemthales.es/files/34p6.ppsx,fuentes/raw/ficheros/2018-XXXIV/34p6.ppsx,F0893,,,2252538,
F0912,2018-XXXIV,,,XXXIV OLIMPIADA MATEMÁTICA THALES,pagina-edicion,,descargado,https://thales.cica.es/olimpiada2/?q=node/1650,fuentes/raw/web-antigua/node-1650.html,,,,39104,
F0913,2019-XXXV,,,XXXV OLIMPIADA MATEMÁTICA THALES,pagina-edicion,,descargado,https://olimpiada.saemthales.es/node/1658,fuentes/raw/web-actual/node-1658.html,,,,65844,
F0914,2019-XXXV,provincial,1,La contraseña,ppsx,?,descargado,https://thales.cica.es/olimpiada2/files/35p1.ppsx,fuentes/raw/ficheros/2019-XXXV/35p1.ppsx,F0913,,,8994203,
F0915,2019-XXXV,provincial,2,Cosecha interestelar,ppsx,?,descargado,https://thales.cica.es/olimpiada2/files/35p2.ppsx,fuentes/raw/ficheros/2019-XXXV/35p2.ppsx,F0913,,,2049306,
F0916,2019-XXXV,provincial,3,El planeta cercano,ppsx,?,descargado,https://thales.cica.es/olimpiada2/files/35p3.ppsx,fuentes/raw/ficheros/2019-XXXV/35p3.ppsx,F0913,,,9106663,
F0917,2019-XXXV,provincial,4,Orden en la fila,ppsx,?,descargado,https://thales.cica.es/olimpiada2/files/35p4.ppsx,fuentes/raw/ficheros/2019-XXXV/35p4.ppsx,F0913,,,8976478,
F0918,2019-XXXV,provincial,5,Geometía y elegancia,ppsx,?,descargado,https://thales.cica.es/olimpiada2/files/35p5.ppsx,fuentes/raw/ficheros/2019-XXXV/35p5.ppsx,F0913,,,9278855,
F0919,2019-XXXV,provincial,6,Las baldosas trampa,ppsx,?,descargado,https://thales.cica.es/olimpiada2/files/35p6.ppsx,fuentes/raw/ficheros/2019-XXXV/35p6.ppsx,F0913,,,8995513,
F0920,2019-XXXV,regional,1,El Califa de Medina Azahara,ppsx,?,descargado,https://thales.cica.es/olimpiada2/files/Regional_XXXV_P1.ppsx,fuentes/raw/ficheros/2019-XXXV/Regional_XXXV_P1.ppsx,F0913,,,1289467,
F0921,2019-XXXV,regional,2,Ángulos de los pentágonos,ppsx,?,descargado,https://thales.cica.es/olimpiada2/files/Regional_XXXV_P2.ppsx,fuentes/raw/ficheros/2019-XXXV/Regional_XXXV_P2.ppsx,F0913,,,1937522,
F0922,2019-XXXV,regional,3,Circunferencias,ppsx,?,descargado,https://thales.cica.es/olimpiada2/files/Regional_XXXV_P3.ppsx,fuentes/raw/ficheros/2019-XXXV/Regional_XXXV_P3.ppsx,F0913,,,1742288,
F0923,2019-XXXV,regional,4,¡A nadar!,ppsx,?,descargado,https://thales.cica.es/olimpiada2/files/Regional_XXXV_P4.ppsx,fuentes/raw/ficheros/2019-XXXV/Regional_XXXV_P4.ppsx,F0913,,,1107742,
F0924,2019-XXXV,regional,5,La tienda del todo a múltiplo de 5,ppsx,?,descargado,https://thales.cica.es/olimpiada2/files/Regional_XXXV_P5.ppsx,fuentes/raw/ficheros/2019-XXXV/Regional_XXXV_P5.ppsx,F0913,,,1177918,
F0925,2019-XXXV,regional,6,La batalla final (problema CASIO),ppsx,?,descargado,https://thales.cica.es/olimpiada2/files/Regional_XXXV_P6.ppsx,fuentes/raw/ficheros/2019-XXXV/Regional_XXXV_P6.ppsx,F0913,,,1955372,
F0926,2019-XXXV,provincial,,Problemas interactivos de otras olimpiadas resueltos con GeoGebra,externo,?,externo,https://www.geogebra.org/m/PPHqN7RH,,F0913,,,,
F0927,2019-XXXV,regional,,CONSENTIMIENTO EXPRESO DE MENORES,pdf,otro,descargado,https://thales.cica.es/olimpiada2/files/CONSENTIMIENTO%20EXPRESO%20MENORES_0.pdf,fuentes/raw/ficheros/2019-XXXV/CONSENTIMIENTO EXPRESO MENORES_0.pdf,F0913,,,160073,
F0928,2019-XXXV,regional,,CONSENTIMIENTO EXPRESO MENORES.pdf,pdf,otro,descargado,https://olimpiada.saemthales.es/sites/olimpiada.saemthales.es/files/CONSENTIMIENTO%20EXPRESO%20MENORES_0.pdf,fuentes/raw/ficheros/2019-XXXV/CONSENTIMIENTO EXPRESO MENORES_0.pdf,F0913,,,160073,
F0929,2019-XXXV,regional,1,35p1.ppsx,ppsx,?,descargado,https://olimpiada.saemthales.es/sites/olimpiada.saemthales.es/files/35p1.ppsx,fuentes/raw/ficheros/2019-XXXV/35p1.ppsx,F0913,,,8994203,
F0930,2019-XXXV,regional,2,35p2.ppsx,ppsx,?,descargado,https://olimpiada.saemthales.es/sites/olimpiada.saemthales.es/files/35p2.ppsx,fuentes/raw/ficheros/2019-XXXV/35p2.ppsx,F0913,,,2049306,
F0931,2019-XXXV,regional,3,35p3.ppsx,ppsx,?,descargado,https://olimpiada.saemthales.es/sites/olimpiada.saemthales.es/files/35p3.ppsx,fuentes/raw/ficheros/2019-XXXV/35p3.ppsx,F0913,,,9106663,
F0932,2019-XXXV,regional,4,35p4.ppsx,ppsx,?,descargado,https://olimpiada.saemthales.es/sites/olimpiada.saemthales.es/files/35p4.ppsx,fuentes/raw/ficheros/2019-XXXV/35p4.ppsx,F0913,,,8976478,
F0933,2019-XXXV,regional,5,35p5.ppsx,ppsx,?,descargado,https://olimpiada.saemthales.es/sites/olimpiada.saemthales.es/files/35p5.ppsx,fuentes/raw/ficheros/2019-XXXV/35p5.ppsx,F0913,,,9278855,
F0934,2019-XXXV,regional,6,35p6.ppsx,ppsx,?,descargado,https://olimpiada.saemthales.es/sites/olimpiada.saemthales.es/files/35p6.ppsx,fuentes/raw/ficheros/2019-XXXV/35p6.ppsx,F0913,,,8995513,
F0935,2019-XXXV,regional,1,Regional_XXXV_P1.ppsx,ppsx,?,descargado,https://olimpiada.saemthales.es/sites/olimpiada.saemthales.es/files/Regional_XXXV_P1.ppsx,fuentes/raw/ficheros/2019-XXXV/Regional_XXXV_P1.ppsx,F0913,,,1289467,
F0936,2019-XXXV,regional,2,Regional_XXXV_P2.ppsx,ppsx,?,descargado,https://olimpiada.saemthales.es/sites/olimpiada.saemthales.es/files/Regional_XXXV_P2.ppsx,fuentes/raw/ficheros/2019-XXXV/Regional_XXXV_P2.ppsx,F0913,,,1937522,
F0937,2019-XXXV,regional,3,Regional_XXXV_P3.ppsx,ppsx,?,descargado,https://olimpiada.saemthales.es/sites/olimpiada.saemthales.es/files/Regional_XXXV_P3.ppsx,fuentes/raw/ficheros/2019-XXXV/Regional_XXXV_P3.ppsx,F0913,,,1742288,
F0938,2019-XXXV,regional,4,Regional_XXXV_P4.ppsx,ppsx,?,descargado,https://olimpiada.saemthales.es/sites/olimpiada.saemthales.es/files/Regional_XXXV_P4.ppsx,fuentes/raw/ficheros/2019-XXXV/Regional_XXXV_P4.ppsx,F0913,,,1107742,
F0939,2019-XXXV,regional,5,Regional_XXXV_P5.ppsx,ppsx,?,descargado,https://olimpiada.saemthales.es/sites/olimpiada.saemthales.es/files/Regional_XXXV_P5.ppsx,fuentes/raw/ficheros/2019-XXXV/Regional_XXXV_P5.ppsx,F0913,,,1177918,
F0940,2019-XXXV,regional,6,Regional_XXXV_P6.ppsx,ppsx,?,descargado,https://olimpiada.saemthales.es/sites/olimpiada.saemthales.es/files/Regional_XXXV_P6.ppsx,fuentes/raw/ficheros/2019-XXXV/Regional_XXXV_P6.ppsx,F0913,,,1955372,
F0941,2019-XXXV,,,XXXV OLIMPIADA MATEMÁTICA THALES,pagina-edicion,,descargado,https://thales.cica.es/olimpiada2/?q=node/1658,fuentes/raw/web-antigua/node-1658.html,,,,42844,
F0942,2021-XXXVI,,,XXXVI Olimpiada Matemática Thales (online),pagina-edicion,,descargado,https://olimpiada.saemthales.es/node/1668,fuentes/raw/web-actual/node-1668.html,,,,54531,
F0943,2021-XXXVI,provincial,1,Reparto en cajas,pdf,?,descargado,https://thales.cica.es/olimpiada2/files/XXXVI_P1_reparto_en_cajas.pdf,fuentes/raw/ficheros/2021-XXXVI/XXXVI_P1_reparto_en_cajas.pdf,F0942,,,799136,
F0944,2021-XXXVI,provincial,2,Fabricando mascarillas,pdf,?,descargado,https://thales.cica.es/olimpiada2/files/XXXVI_P2_fabricando_mascarillas.pdf,fuentes/raw/ficheros/2021-XXXVI/XXXVI_P2_fabricando_mascarillas.pdf,F0942,,,705842,
F0945,2021-XXXVI,provincial,3,El equipamiento,pdf,?,descargado,https://thales.cica.es/olimpiada2/files/XXXVI_P3_el_equipamiento.pdf,fuentes/raw/ficheros/2021-XXXVI/XXXVI_P3_el_equipamiento.pdf,F0942,,,807601,
F0946,2021-XXXVI,provincial,4,Las parcelas,pdf,?,descargado,https://thales.cica.es/olimpiada2/files/XXXVI_P4_las_parcelas.pdf,fuentes/raw/ficheros/2021-XXXVI/XXXVI_P4_las_parcelas.pdf,F0942,,,824430,
F0947,2021-XXXVI,provincial,5,Navidad en Chiclana de la Frontera,pdf,?,descargado,https://thales.cica.es/olimpiada2/files/XXXVI_P5_navidad_chiclana.pdf,fuentes/raw/ficheros/2021-XXXVI/XXXVI_P5_navidad_chiclana.pdf,F0942,,,895544,
F0948,2021-XXXVI,regional,1,La Barca,pdf,?,descargado,https://thales.cica.es/olimpiada2/files/XXXVI_reg_P1.pdf,fuentes/raw/ficheros/2021-XXXVI/XXXVI_reg_P1.pdf,F0942,,,649897,
F0949,2021-XXXVI,regional,2,Lámpara poliédrica,pdf,?,descargado,https://thales.cica.es/olimpiada2/files/XXXVI_reg_P2.pdf,fuentes/raw/ficheros/2021-XXXVI/XXXVI_reg_P2.pdf,F0942,,,745324,
F0950,2021-XXXVI,regional,3,Órbitas cćiclicas,pdf,?,descargado,https://thales.cica.es/olimpiada2/files/XXXVI_reg_P3.pdf,fuentes/raw/ficheros/2021-XXXVI/XXXVI_reg_P3.pdf,F0942,,,831024,
F0951,2021-XXXVI,regional,4,Repartiendo la herencia,pdf,?,descargado,https://thales.cica.es/olimpiada2/files/XXXVI_reg_P4.pdf,fuentes/raw/ficheros/2021-XXXVI/XXXVI_reg_P4.pdf,F0942,,,819889,
F0952,2021-XXXVI,regional,5,La enredadera,pdf,?,descargado,https://thales.cica.es/olimpiada2/files/XXXVI_reg_P5.pdf,fuentes/raw/ficheros/2021-XXXVI/XXXVI_reg_P5.pdf,F0942,,,851104,
F0953,2021-XXXVI,regional,,DOCUMENTO DE CONSENTIMIENTO EXPRESO DE MENORES,pdf,otro,descargado,https://thales.cica.es/olimpiada2/files/ConsentimientoExpresoMenores_2021.pdf,fuentes/raw/ficheros/2021-XXXVI/ConsentimientoExpresoMenores_2021.pdf,F0942,,,109749,
F0954,2021-XXXVI,regional,,BASES DE LA CONVOCATORIA,pdf,otro,error,https://thales.cica.es/olimpiada2/files/Bases%2036%20OMTH.pdf,,F0942,,,,HTTP 404
F0955,2021-XXXVI,,,XXXVI Olimpiada Matemática Thales (online),pagina-edicion,,descargado,https://thales.cica.es/olimpiada2/?q=node/1668,fuentes/raw/web-antigua/node-1668.html,,,,31276,
F0956,2022-XXXVII,,,XXXVII Olimpiada Matemática Thales,pagina-edicion,,descargado,https://olimpiada.saemthales.es/node/1670,fuentes/raw/web-actual/node-1670.html,,,,64746,
F0957,2022-XXXVII,provincial,,Soluciones a los problemas propuestos,pdf,solucion,descargado,https://thales.cica.es/olimpiada2/files/XXXVII_OMTH_Soluciones_Provincial.pdf,fuentes/raw/ficheros/2022-XXXVII/XXXVII_OMTH_Soluciones_Provincial.pdf,F0956,,,1974649,
F0958,2022-XXXVII,regional,,Soluciones a los problemas propuestos,pdf,solucion,descargado,https://thales.cica.es/olimpiada2/files/XXXVII_OMTH_Soluciones_Regional.pdf,fuentes/raw/ficheros/2022-XXXVII/XXXVII_OMTH_Soluciones_Regional.pdf,F0956,,,1636035,
F0959,2022-XXXVII,provincial,,XIX PREMIO PROVINCIAL “PACO ANILLO” A LA RESOLUCIÓN DE PROBLEMAS,pdf,otro,descargado,https://thales.cica.es/olimpiada2/files/Paco%20Anillo%2036%20OMTH.pdf,fuentes/raw/ficheros/2022-XXXVII/Paco Anillo 36 OMTH.pdf,F0956,,,1007322,
F0960,2022-XXXVII,regional,,XIV PREMIO REGIONAL “PACO ANILLO” A LA RESOLUCIÓN DE PROBLEMAS.,pdf,otro,descargado,https://thales.cica.es/olimpiada2/files/Bases%20Paco%20Anillo%20Regional%2036%20OMTH.pdf,fuentes/raw/ficheros/2022-XXXVII/Bases Paco Anillo Regional 36 OMTH.pdf,F0956,,,1002245,
F0961,2022-XXXVII,provincial,,SEDES DE LA FASE PROVINCIAL,pdf,otro,descargado,https://thales.cica.es/olimpiada2/files/sedes%2036%20OMTH.pdf,fuentes/raw/ficheros/2022-XXXVII/sedes 36 OMTH.pdf,F0956,,,24089,
F0962,2022-XXXVII,regional,,Bases de la XXXVII OMTH,pdf,otro,descargado,https://olimpiada.saemthales.es/sites/olimpiada.saemthales.es/files/Bases%2037%20OMTH.pdf,fuentes/raw/ficheros/2022-XXXVII/Bases 37 OMTH.pdf,F0956,,,31144762,
F0963,2022-XXXVII,regional,,Bases del XIX premio Paco Anillo,pdf,otro,descargado,https://olimpiada.saemthales.es/sites/olimpiada.saemthales.es/files/Paco%20Anillo%2037%20OMTH.pdf,fuentes/raw/ficheros/2022-XXXVII/Paco Anillo 37 OMTH.pdf,F0956,,,29891251,
F0964,2022-XXXVII,regional,,Soluciones de los problemas de la fase povincial,pdf,solucion,descargado,https://olimpiada.saemthales.es/sites/olimpiada.saemthales.es/files/XXXVII_OMTH_Soluciones_Provincial.pdf,fuentes/raw/ficheros/2022-XXXVII/XXXVII_OMTH_Soluciones_Provincial.pdf,F0956,,,1974649,
F0965,2022-XXXVII,regional,,Soluciones a los problemas de la fase regional,pdf,solucion,descargado,https://olimpiada.saemthales.es/sites/olimpiada.saemthales.es/files/XXXVII_OMTH_Soluciones_Regional.pdf,fuentes/raw/ficheros/2022-XXXVII/XXXVII_OMTH_Soluciones_Regional.pdf,F0956,,,1636035,
F0966,2022-XXXVII,,,XXXVII Olimpiada Matemática Thales,pagina-edicion,,descargado,https://thales.cica.es/olimpiada2/?q=node/1670,fuentes/raw/web-antigua/node-1670.html,,,,41534,
F0967,2022-XXXVII,regional,,Bases de la XXXVII OMTH,pdf,otro,descargado,https://thales.cica.es/olimpiada2/files/Bases%2037%20OMTH.pdf,fuentes/raw/ficheros/2022-XXXVII/Bases 37 OMTH.pdf,F0966,,,31144762,
F0968,2022-XXXVII,regional,,Bases del XIX premio Paco Anillo,pdf,otro,descargado,https://thales.cica.es/olimpiada2/files/Paco%20Anillo%2037%20OMTH.pdf,fuentes/raw/ficheros/2022-XXXVII/Paco Anillo 37 OMTH.pdf,F0966,,,29891251,
F0969,2023-XXXVIII,,,XXXVIII OLIMPIADA MATEMÁTICA THALES PARA 2º DE ESO,pagina-edicion,,descargado,https://olimpiada.saemthales.es/node/1671,fuentes/raw/web-actual/node-1671.html,,,,65457,
F0970,2023-XXXVIII,provincial,1,De camino hacia Almería,pdf,?,descargado,https://thales.cica.es/olimpiada2/files/OMT_XXVIII_P1.pdf,fuentes/raw/ficheros/2023-XXXVIII/OMT_XXVIII_P1.pdf,F0969,,,1012383,
F0971,2023-XXXVIII,provincial,2,Reparto de departamentos didácticos,pdf,?,descargado,https://thales.cica.es/olimpiada2/files/OMT_XXVIII_P2.pdf,fuentes/raw/ficheros/2023-XXXVIII/OMT_XXVIII_P2.pdf,F0969,,,911653,
F0972,2023-XXXVIII,provincial,3,Cuadrante binario,pdf,?,descargado,https://thales.cica.es/olimpiada2/files/OMT_XXVIII_P3.pdf,fuentes/raw/ficheros/2023-XXXVIII/OMT_XXVIII_P3.pdf,F0969,,,604181,
F0973,2023-XXXVIII,provincial,4,Monedas,pdf,?,descargado,https://thales.cica.es/olimpiada2/files/OMT_XXVIII_P4.pdf,fuentes/raw/ficheros/2023-XXXVIII/OMT_XXVIII_P4.pdf,F0969,,,862505,
F0974,2023-XXXVIII,provincial,5,Proyectando el distrito,pdf,?,descargado,https://thales.cica.es/olimpiada2/files/OMT_XXVIII_P5.pdf,fuentes/raw/ficheros/2023-XXXVIII/OMT_XXVIII_P5.pdf,F0969,,,747087,
F0975,2023-XXXVIII,provincial,6,Monumentos de Córdoba,pdf,?,descargado,https://thales.cica.es/olimpiada2/files/OMT_XXVIII_P6.pdf,fuentes/raw/ficheros/2023-XXXVIII/OMT_XXVIII_P6.pdf,F0969,,,763768,
F0976,2023-XXXVIII,regional,1,Cruzanúmeros,pdf,?,descargado,https://thales.cica.es/olimpiada2/files/OMT_XXXVIII_R1.pdf,fuentes/raw/ficheros/2023-XXXVIII/OMT_XXXVIII_R1.pdf,F0969,,,234683,
F0977,2023-XXXVIII,regional,2,¡Vaya suma!,pdf,?,descargado,https://thales.cica.es/olimpiada2/files/OMT_XXXVIII_R2.pdf,fuentes/raw/ficheros/2023-XXXVIII/OMT_XXXVIII_R2.pdf,F0969,,,183484,
F0978,2023-XXXVIII,regional,3,La contraseña,pdf,?,descargado,https://thales.cica.es/olimpiada2/files/OMT_XXXVIII_R3.pdf,fuentes/raw/ficheros/2023-XXXVIII/OMT_XXXVIII_R3.pdf,F0969,,,174081,
F0979,2023-XXXVIII,regional,4,El jardín rectangular,pdf,?,descargado,https://thales.cica.es/olimpiada2/files/OMT_XXXVIII_R4.pdf,fuentes/raw/ficheros/2023-XXXVIII/OMT_XXXVIII_R4.pdf,F0969,,,203699,
F0980,2023-XXXVIII,regional,5,El concurso,pdf,?,descargado,https://thales.cica.es/olimpiada2/files/OMT_XXXVIII_R5.pdf,fuentes/raw/ficheros/2023-XXXVIII/OMT_XXXVIII_R5.pdf,F0969,,,209733,
F0981,2023-XXXVIII,regional,6,Vesica Piscis o Mandoria,pdf,?,descargado,https://thales.cica.es/olimpiada2/files/OMT_XXXVIII_R6.pdf,fuentes/raw/ficheros/2023-XXXVIII/OMT_XXXVIII_R6.pdf,F0969,,,200649,
F0982,2023-XXXVIII,regional,,Documento en pdf,pdf,otro,descargado,https://thales.cica.es/olimpiada2/files/XXXVIII_OMTH_Bases.pdf,fuentes/raw/ficheros/2023-XXXVIII/XXXVIII_OMTH_Bases.pdf,F0969,,,751715,
F0983,2023-XXXVIII,provincial,,Documento en pdf,pdf,otro,descargado,https://thales.cica.es/olimpiada2/files/XXXVIII_OMTH_PacoAnillo.pdf,fuentes/raw/ficheros/2023-XXXVIII/XXXVIII_OMTH_PacoAnillo.pdf,F0969,,,695587,
F0984,2023-XXXVIII,regional,,Premio Paco Anillo,pdf,otro,descargado,https://olimpiada.saemthales.es/sites/olimpiada.saemthales.es/files/XXXVIII_OMTH_PacoAnillo.pdf,fuentes/raw/ficheros/2023-XXXVIII/XXXVIII_OMTH_PacoAnillo.pdf,F0969,,,695587,
F0985,2023-XXXVIII,regional,,Bases XXXVIII OMTH,pdf,otro,descargado,https://olimpiada.saemthales.es/sites/olimpiada.saemthales.es/files/XXXVIII_OMTH_Bases.pdf,fuentes/raw/ficheros/2023-XXXVIII/XXXVIII_OMTH_Bases.pdf,F0969,,,751715,
F0986,2023-XXXVIII,,,XXXVIII OLIMPIADA MATEMÁTICA THALES PARA 2º DE ESO,pagina-edicion,,descargado,https://thales.cica.es/olimpiada2/?q=node/1671,fuentes/raw/web-antigua/node-1671.html,,,,41607,
F0987,2024-XXXIX,,,Fase Regional de la XXXIX Olimpiada Matemática Thales,pagina-edicion,,descargado,https://olimpiada.saemthales.es/node/1675,fuentes/raw/web-actual/node-1675.html,,,,46099,
F0988,2024-XXXIX,,,XXXIX OLIMPIADA MATEMÁTICA THALES PARA 2º DE ESO,pagina-edicion,,descargado,https://olimpiada.saemthales.es/node/1673,fuentes/raw/web-actual/node-1673.html,,,,62289,
F0989,2024-XXXIX,provincial,1,Dibujando un patrón,pdf,?,descargado,https://thales.cica.es/olimpiada2/files/XXXIX_provincial_P1.pdf,fuentes/raw/ficheros/2024-XXXIX/XXXIX_provincial_P1.pdf,F0988,,,602123,
F0990,2024-XXXIX,provincial,2,La piscina,pdf,?,descargado,https://thales.cica.es/olimpiada2/files/XXXIX_provincial_P2.pdf,fuentes/raw/ficheros/2024-XXXIX/XXXIX_provincial_P2.pdf,F0988,,,198800,
F0991,2024-XXXIX,provincial,3,La tienda de videojuegos,pdf,?,descargado,https://thales.cica.es/olimpiada2/files/XXXIX_provincial_P3.pdf,fuentes/raw/ficheros/2024-XXXIX/XXXIX_provincial_P3.pdf,F0988,,,332036,
F0992,2024-XXXIX,provincial,4,Situación de aprendizaje,pdf,?,descargado,https://thales.cica.es/olimpiada2/files/XXXIX_provincial_P4.pdf,fuentes/raw/ficheros/2024-XXXIX/XXXIX_provincial_P4.pdf,F0988,,,169136,
F0993,2024-XXXIX,provincial,5,Triángulo de Reuleaux (problema Casio,pdf,?,descargado,https://thales.cica.es/olimpiada2/files/XXXIX_provincial_P5.pdf,fuentes/raw/ficheros/2024-XXXIX/XXXIX_provincial_P5.pdf,F0988,,,185858,
F0994,2024-XXXIX,provincial,6,Bonificaciones por doquier,pdf,?,descargado,https://thales.cica.es/olimpiada2/files/XXXIX_provincial_P6.pdf,fuentes/raw/ficheros/2024-XXXIX/XXXIX_provincial_P6.pdf,F0988,,,246205,
F0995,2024-XXXIX,,,Coordinaciones provinciales de la Olimpiada Matemática Thales,nodo,,descargado,https://thales.cica.es/olimpiada2/?q=node/1674,fuentes/raw/web-antigua/node-1674.html,F0988,,,21443,
F0996,2024-XXXIX,regional,,CONSENTIMIENTO EXPRESO DE MENORES,pdf,otro,descargado,https://olimpiada.saemthales.es/olimpiada2/files/XXXIX_OMTH_Consentimiento.pdf,fuentes/raw/ficheros/2024-XXXIX/XXXIX_OMTH_Consentimiento.pdf,F0988,,,133185,
F0997,2024-XXXIX,regional,,BASES DE LA CONVOCATORIA,pdf,otro,descargado,https://thales.cica.es/olimpiada2/files/XXXIX_OMTH_Bases.pdf,fuentes/raw/ficheros/2024-XXXIX/XXXIX_OMTH_Bases.pdf,F0988,,,271674,
F0998,2024-XXXIX,provincial,,XXI PREMIO PROVINCIAL “PACO ANILLO” A LA RESOLUCIÓN DE PROBLEMAS,pdf,otro,descargado,https://thales.cica.es/olimpiada2/files/XXXIX_OMTH_PacoAnillo.pdf,fuentes/raw/ficheros/2024-XXXIX/XXXIX_OMTH_PacoAnillo.pdf,F0988,,,219781,
F0999,2024-XXXIX,,,Fase Regional de la XXXIX Olimpiada Matemática Thales,pagina-edicion,,descargado,https://thales.cica.es/olimpiada2/?q=node/1675,fuentes/raw/web-antigua/node-1675.html,,,,22864,
F1000,2024-XXXIX,,,XXXIX OLIMPIADA MATEMÁTICA THALES PARA 2º DE ESO,pagina-edicion,,descargado,https://thales.cica.es/olimpiada2/?q=node/1673,fuentes/raw/web-antigua/node-1673.html,,,,39034,
F1001,2024-XXXIX,regional,,CONSENTIMIENTO EXPRESO DE MENORES,pdf,otro,descargado,https://thales.cica.es/olimpiada2/files/XXXIX_OMTH_Consentimiento.pdf,fuentes/raw/ficheros/2024-XXXIX/XXXIX_OMTH_Consentimiento.pdf,F1000,,,133185,
F1002,2025-XL,,,Éxito rotundo en la celebración de la Fase Regional de la XL Olimpiada Matemática Thales en Granada,pagina-edicion,,descargado,https://olimpiada.saemthales.es/node/1684,fuentes/raw/web-actual/node-1684.html,,,,48084,
F1003,2025-XL,regional,1,Operando con potencias,pdf,solucion,descargado,https://olimpiada.saemthales.es/sites/olimpiada.saemthales.es/files/Resoluci%C3%B3n%20Problema%20n%C2%BA%201%20%28Operando%20con%20potencias%29.pdf,fuentes/raw/ficheros/2025-XL/Resolución Problema nº 1 (Operando con potencias).pdf,F1002,,,214212,
F1004,2025-XL,regional,2,Jardín vertical,pdf,solucion,descargado,https://olimpiada.saemthales.es/sites/olimpiada.saemthales.es/files/Resoluci%C3%B3n%20Problema%20n%C2%BA%202%20%28Jard%C3%ADn%20vertical%29.pdf,fuentes/raw/ficheros/2025-XL/Resolución Problema nº 2 (Jardín vertical).pdf,F1002,,,201933,
F1005,2025-XL,regional,3,Una extraña frase,pdf,solucion,descargado,https://olimpiada.saemthales.es/sites/olimpiada.saemthales.es/files/Resoluci%C3%B3n%20Problema%20n%C2%BA%203%20%28Una%20extra%C3%B1a%20frase%29.pdf,fuentes/raw/ficheros/2025-XL/Resolución Problema nº 3 (Una extraña frase).pdf,F1002,,,296430,
F1006,2025-XL,regional,4,Isósceles en la trama,pdf,solucion,descargado,https://olimpiada.saemthales.es/sites/olimpiada.saemthales.es/files/Resoluci%C3%B3n%20Problema%20n%C2%BA%204%20%28Isosceles%20en%20la%20trama%203%29.pdf,fuentes/raw/ficheros/2025-XL/Resolución Problema nº 4 (Isosceles en la trama 3).pdf,F1002,,,365224,
F1007,2025-XL,regional,5,La colcha de Ada,pdf,solucion,descargado,https://olimpiada.saemthales.es/sites/olimpiada.saemthales.es/files/Resoluci%C3%B3n%20Problema%20n%C2%BA%205%20%28La%20colcha%20de%20Ada%29.pdf,fuentes/raw/ficheros/2025-XL/Resolución Problema nº 5 (La colcha de Ada).pdf,F1002,,,233385,
F1008,2025-XL,regional,6,Cubo al cubo,pdf,solucion,descargado,https://olimpiada.saemthales.es/sites/olimpiada.saemthales.es/files/Resoluci%C3%B3n%20Problema%20n%C2%BA%206%20%28Cubo%20al%20cubo%29.pdf,fuentes/raw/ficheros/2025-XL/Resolución Problema nº 6 (Cubo al cubo).pdf,F1002,,,214199,
F1009,2025-XL,,,XL OLIMPIADA MATEMÁTICA THALES PARA 2º DE ESO,pagina-edicion,,descargado,https://olimpiada.saemthales.es/node/1682,fuentes/raw/web-actual/node-1682.html,,,,57854,
F1010,2025-XL,provincial,1,LA CRUZ DE MALTA,pdf,?,descargado,https://olimpiada.saemthales.es/sites/olimpiada.saemthales.es/files/XL_OMTH/XL_OMTH_Prov_Problema1.pdf,fuentes/raw/ficheros/2025-XL/XL_OMTH_Prov_Problema1.pdf,F1009,,,237569,
F1011,2025-XL,provincial,2,JUEGOS CON DADOS,pdf,?,descargado,https://olimpiada.saemthales.es/sites/olimpiada.saemthales.es/files/XL_OMTH/XL_OMTH_Prov_Problema2.pdf,fuentes/raw/ficheros/2025-XL/XL_OMTH_Prov_Problema2.pdf,F1009,,,295035,
F1012,2025-XL,provincial,3,EL DINERO DE LA MERIENDA,pdf,?,descargado,https://olimpiada.saemthales.es/sites/olimpiada.saemthales.es/files/XL_OMTH/XL_OMTH_Prov_Problema3.pdf,fuentes/raw/ficheros/2025-XL/XL_OMTH_Prov_Problema3.pdf,F1009,,,247956,
F1013,2025-XL,provincial,4,LA FRACCIONADA HERENCIA,pdf,?,descargado,https://olimpiada.saemthales.es/sites/olimpiada.saemthales.es/files/XL_OMTH/XL_OMTH_Prov_Problema4.pdf,fuentes/raw/ficheros/2025-XL/XL_OMTH_Prov_Problema4.pdf,F1009,,,242373,
F1014,2025-XL,provincial,5,LOS DADOS,pdf,?,descargado,https://olimpiada.saemthales.es/sites/olimpiada.saemthales.es/files/XL_OMTH/XL_OMTH_Prov_Problema5.pdf,fuentes/raw/ficheros/2025-XL/XL_OMTH_Prov_Problema5.pdf,F1009,,,41035,
F1015,2025-XL,provincial,6,BLOQUE-ADOS,pdf,?,descargado,https://olimpiada.saemthales.es/sites/olimpiada.saemthales.es/files/XL_OMTH/XL_OMTH_Prov_Problema6.pdf,fuentes/raw/ficheros/2025-XL/XL_OMTH_Prov_Problema6.pdf,F1009,,,222217,
F1016,2025-XL,regional,,CONSENTIMIENTO EXPRESO DE MENORES,pdf,otro,descargado,https://olimpiada.saemthales.es/sites/olimpiada.saemthales.es/files/consentimiento_expreso_menores_2025.pdf,fuentes/raw/ficheros/2025-XL/consentimiento_expreso_menores_2025.pdf,F1009,,,128636,
F1017,2025-XL,regional,,Bases de la XL Olimpiada Matemática Thales,pdf,otro,descargado,https://olimpiada.saemthales.es/sites/olimpiada.saemthales.es/files/XL_Bases.pdf,fuentes/raw/ficheros/2025-XL/XL_Bases.pdf,F1009,,,284574,
F1018,2025-XL,provincial,,Bases del premio Paco Anillo,pdf,otro,descargado,https://olimpiada.saemthales.es/sites/olimpiada.saemthales.es/files/XL_Bases_PacoAnillo.pdf,fuentes/raw/ficheros/2025-XL/XL_Bases_PacoAnillo.pdf,F1009,,,245187,
F1019,2025-XL,provincial,,Sedes de la fase provincial,pdf,otro,descargado,https://olimpiada.saemthales.es/sites/olimpiada.saemthales.es/files/XL_Sedes.pdf,fuentes/raw/ficheros/2025-XL/XL_Sedes.pdf,F1009,,,46212,
F1020,2025-XL,,,,pagina-edicion,,error,https://thales.cica.es/olimpiada2/?q=node/1684,fuentes/raw/web-antigua/node-1684.html,,,,,HTTP 404
F1021,2025-XL,,,,pagina-edicion,,error,https://thales.cica.es/olimpiada2/?q=node/1682,fuentes/raw/web-antigua/node-1682.html,,,,,HTTP 404
F1022,2026-XLI,,,XLI OLIMPIADA MATEMÁTICA THALES PARA 2º DE ESO,pagina-edicion,,descargado,https://olimpiada.saemthales.es/node/1686,fuentes/raw/web-actual/node-1686.html,,,,51713,
F1023,2026-XLI,,,,pdf,otro,descargado,https://olimpiada.saemthales.es/sites/olimpiada.saemthales.es/files/XLI_OHTH_Junior_Cartel.pdf,fuentes/raw/ficheros/2026-XLI/XLI_OHTH_Junior_Cartel.pdf,F1022,,,1644702,
F1024,2026-XLI,regional,,sedes de cada provincia en este documento,pdf,otro,descargado,https://olimpiada.saemthales.es/sites/olimpiada.saemthales.es/files/OMTH_XLI_Junior_2026_Sedes.pdf,fuentes/raw/ficheros/2026-XLI/OMTH_XLI_Junior_2026_Sedes.pdf,F1022,,,49240,
F1025,2026-XLI,provincial,,bases de la XLI Olimpiada Matemática Thales Junior,pdf,otro,descargado,https://olimpiada.saemthales.es/sites/olimpiada.saemthales.es/files/XLI_OHTH_Junior_Bases.pdf,fuentes/raw/ficheros/2026-XLI/XLI_OHTH_Junior_Bases.pdf,F1022,,,440036,
F1026,2026-XLI,provincial,,En este documento puede consultar las bases de este premio,pdf,otro,descargado,https://olimpiada.saemthales.es/sites/olimpiada.saemthales.es/files/XLI_OHTH_Junior_XXIII_Premio_Paco_Anillo_Bases.pdf,fuentes/raw/ficheros/2026-XLI/XLI_OHTH_Junior_XXIII_Premio_Paco_Anillo_Bases.pdf,F1022,,,312032,
F1027,2026-XLI,regional,,CONSENTIMIENTO EXPRESO DE MENORES,pdf,otro,descargado,https://olimpiada.saemthales.es/sites/olimpiada.saemthales.es/files/XLI_OHTH_Junior_ConsentimientoExpresoMenores.pdf,fuentes/raw/ficheros/2026-XLI/XLI_OHTH_Junior_ConsentimientoExpresoMenores.pdf,F1022,,,165656,
F1028,2026-XLI,,,,pagina-edicion,,error,https://thales.cica.es/olimpiada2/?q=node/1686,fuentes/raw/web-antigua/node-1686.html,,,,,HTTP 404
F1029,2001-XVII,regional,,Estadísticas de participación,pdf,?,descargado,https://thales.cica.es/olimpiadas/XVII/participacion.pdf,fuentes/raw/ficheros/2001-XVII/participacion.pdf,F0354,,,6899,
F1030,2007-XXIII,provincial,5,trillizas.zip,pps,?,descomprimido,https://thales.cica.es/olimpiada2/files/sites/thales.cica.es.olimpiada2/files/trillizas.zip#trillizas.pps,fuentes/raw/ficheros/2007-XXIII/trillizas/trillizas.pps,F0606,,,796160,
F1031,2007-XXIII,provincial,6,simbolo.zip,pps,?,descomprimido,https://thales.cica.es/olimpiada2/files/sites/thales.cica.es.olimpiada2/files/simbolo.zip#simpolo.pps,fuentes/raw/ficheros/2007-XXIII/simbolo/simpolo.pps,F0613,,,344576,
F1032,2011-XXVII,,,XXVII olimpiada,slideshare,?,descargado,https://www.slideshare.net/cordobamatematica/xxvii-olimpiada,fuentes/raw/ficheros/2011-XXVII/slideshare-xxviiolimpiada-110328014905-phpapp01,F0801,,,5893450,65 diapositivas
F1033,2012-XXVIII,provincial,1,28p1,slideshare,?,descargado,https://www.slideshare.net/agalope/28p1-13050524,fuentes/raw/ficheros/2012-XXVIII/slideshare-28p1-120523163101-phpapp02,F0809,,,377062,9 diapositivas
F1035,2012-XXVIII,provincial,2,28p2,slideshare,?,descargado,https://www.slideshare.net/agalope/28p2,fuentes/raw/ficheros/2012-XXVIII/slideshare-28p2-120523162949-phpapp01,F0809,,,574026,7 diapositivas
F1037,2012-XXVIII,provincial,3,28p3,slideshare,?,descargado,https://www.slideshare.net/agalope/28p3-13050529,fuentes/raw/ficheros/2012-XXVIII/slideshare-28p3-120523163108-phpapp01,F0809,,,265870,4 diapositivas
F1039,2012-XXVIII,provincial,4,28p4,slideshare,?,descargado,https://www.slideshare.net/agalope/28p4-13050532,fuentes/raw/ficheros/2012-XXVIII/slideshare-28p4-120523163119-phpapp02,F0809,,,984604,8 diapositivas
F1041,2012-XXVIII,provincial,5,28p5,slideshare,?,descargado,https://www.slideshare.net/agalope/28p5-13050533,fuentes/raw/ficheros/2012-XXVIII/slideshare-28p5-120523163121-phpapp02,F0809,,,1611546,19 diapositivas
F1043,2012-XXVIII,provincial,6,28p6,slideshare,?,descargado,https://www.slideshare.net/agalope/28p6-13051408,fuentes/raw/ficheros/2012-XXVIII/slideshare-28p6-120523180409-phpapp01,F0809,,,674100,10 diapositivas
F1045,2012-XXVIII,regional,1,28r1,slideshare,?,descargado,https://www.slideshare.net/agalope/28r1-13050918,fuentes/raw/ficheros/2012-XXVIII/slideshare-28r1-120523170541-phpapp01,F0818,,,384480,4 diapositivas
F1047,2012-XXVIII,regional,2,28r2,slideshare,?,descargado,https://www.slideshare.net/agalope/28r2-13050539,fuentes/raw/ficheros/2012-XXVIII/slideshare-28r2-120523163131-phpapp02,F0818,,,647772,6 diapositivas
F1049,2012-XXVIII,regional,3,28r3,slideshare,?,descargado,https://www.slideshare.net/agalope/28r3-13050540,fuentes/raw/ficheros/2012-XXVIII/slideshare-28r3-120523163132-phpapp02,F0818,,,487290,7 diapositivas
F1051,2012-XXVIII,regional,4,28r4,slideshare,?,descargado,https://www.slideshare.net/agalope/28r4,fuentes/raw/ficheros/2012-XXVIII/slideshare-28r4-120523163140-phpapp02,F0818,,,883342,9 diapositivas
F1053,2012-XXVIII,regional,5,28r5,slideshare,?,descargado,https://www.slideshare.net/agalope/28r5-13050545,fuentes/raw/ficheros/2012-XXVIII/slideshare-28r5-120523163145-phpapp02,F0818,,,1155752,19 diapositivas
F1055,2012-XXVIII,regional,6,28r6,slideshare,?,descargado,https://www.slideshare.net/agalope/28r6,fuentes/raw/ficheros/2012-XXVIII/slideshare-28r6-120523163056-phpapp01,F0818,,,1834094,21 diapositivas
F1058,2013-XXIX,provincial,1,Sudoku especial,slideshare,?,descargado,https://www.slideshare.net/slideshow/embed_code/21985896,fuentes/raw/ficheros/2013-XXIX/slideshare-presentacionsudokuespecial-130527025105-phpapp01,F0837,,,4572438,61 diapositivas
F1059,2013-XXIX,provincial,2,Enredando con la fecha,slideshare,?,descargado,https://www.slideshare.net/slideshow/embed_code/21987817,fuentes/raw/ficheros/2013-XXIX/slideshare-presentacionfecha-130527032454-phpapp02,F0837,,,683850,10 diapositivas
F1060,2013-XXIX,provincial,3,Comprando pañales,slideshare,?,descargado,https://www.slideshare.net/slideshow/embed_code/21986303,fuentes/raw/ficheros/2013-XXIX/slideshare-presentacionpanales-130527025926-phpapp02,F0837,,,713498,10 diapositivas
F1061,2013-XXIX,provincial,4,Azulejos orienThales,slideshare,?,descargado,https://www.slideshare.net/slideshow/embed_code/21987891,fuentes/raw/ficheros/2013-XXIX/slideshare-presentacionazulejo-130527032614-phpapp02,F0837,,,565172,7 diapositivas
F1062,2013-XXIX,provincial,5,Buscando el Pi'n,slideshare,?,descargado,https://www.slideshare.net/slideshow/embed_code/21986099,fuentes/raw/ficheros/2013-XXIX/slideshare-presentacionpin-130527025547-phpapp01,F0837,,,549778,7 diapositivas
F1063,2013-XXIX,provincial,6,Indalo,slideshare,?,descargado,https://www.slideshare.net/slideshow/embed_code/21987307,fuentes/raw/ficheros/2013-XXIX/slideshare-presentacionindalo-130527031608-phpapp01,F0837,,,922196,7 diapositivas
F1064,2013-XXIX,regional,1,Feliz cumpleaños,slideshare,?,descargado,https://www.slideshare.net/slideshow/embed_code/21988145,fuentes/raw/ficheros/2013-XXIX/slideshare-presentacionelcumpleanos-130527033102-phpapp01,F0838,,,796042,7 diapositivas
F1065,2013-XXIX,regional,2,El lejano oeste,slideshare,?,descargado,https://www.slideshare.net/slideshow/embed_code/21988205,fuentes/raw/ficheros/2013-XXIX/slideshare-presentacinlejanooeste-130527033223-phpapp02,F0838,,,1201130,11 diapositivas
F1066,2013-XXIX,regional,3,El circo,slideshare,?,descargado,https://www.slideshare.net/slideshow/embed_code/21988242,fuentes/raw/ficheros/2013-XXIX/slideshare-presentacioncirco-130527033315-phpapp02,F0838,,,2584852,25 diapositivas
F1067,2013-XXIX,regional,4,Números triangulares,slideshare,?,descargado,https://www.slideshare.net/slideshow/embed_code/21988388,fuentes/raw/ficheros/2013-XXIX/slideshare-presentacionnotriangulares-130527033413-phpapp02,F0838,,,528200,6 diapositivas
F1068,2013-XXIX,regional,5,Un extraño algortimo,slideshare,?,descargado,https://www.slideshare.net/slideshow/embed_code/21988407,fuentes/raw/ficheros/2013-XXIX/slideshare-presentacinalgoritmo-130527033444-phpapp02,F0838,,,588706,7 diapositivas
F1069,2013-XXIX,regional,6,Fractales,slideshare,?,descargado,https://www.slideshare.net/slideshow/embed_code/21988436,fuentes/raw/ficheros/2013-XXIX/slideshare-presentacinfractales-130527033540-phpapp01,F0838,,,669636,7 diapositivas
